Date,DeC5_I/L_Temp,DeC5_l/L_Flow,DeC5_O/H_Temp.,DeC5_O/H_Press,DeC5_O/H_Flow,C5_BTM_Flow,DeC5_BTM_Flow,DeC5_BTM_Temp
5/1/13,67.900,56.109,39.337,4.070,37.476,22.268,36.337,150.759
6/1/13,124.712,73.510,71.203,4.304,63.312,72.912,57.393,164.260
7/1/13,126.931,88.257,70.194,4.301,69.686,84.750,69.184,164.606
8/1/13,126.524,88.678,70.303,4.299,73.038,85.695,69.893,164.580
9/1/13,127.545,87.419,70.377,4.298,67.039,85.378,69.657,164.943
10/1/13,124.912,82.669,69.921,4.291,62.578,81.844,65.781,166.528
11/1/13,124.438,85.462,69.621,4.158,60.158,83.154,67.229,165.831
12/1/13,126.286,90.296,67.831,4.153,63.166,87.072,71.211,167.037
13/1/13,126.515,90.216,67.913,4.148,62.345,86.969,71.054,167.716
14/1/13,126.431,89.975,67.425,4.144,62.069,87.183,71.283,166.982
15/1/13,124.745,89.869,66.430,4.150,60.304,85.918,70.020,165.553
16/1/13,125.146,89.820,67.929,4.149,61.266,85.861,69.956,165.129
17/1/13,125.202,90.043,67.901,4.151,63.323,85.804,69.840,164.870
18/1/13,124.808,90.047,67.057,4.149,66.220,85.447,69.473,164.118
19/1/13,125.414,89.949,67.512,4.151,69.181,85.782,69.855,164.220
20/1/13,127.108,89.844,69.122,4.149,65.126,86.682,70.766,165.985
21/1/13,127.956,89.871,69.093,4.150,63.444,87.420,71.490,166.534
22/1/13,128.648,89.775,67.661,4.149,65.289,87.371,71.419,167.338
23/1/13,129.066,89.408,66.989,4.150,64.877,86.859,70.958,167.870
24/1/13,128.764,87.789,66.930,4.150,65.727,86.142,70.195,167.073
25/1/13,128.633,87.599,68.251,4.151,65.779,86.461,70.475,167.025
26/1/13,128.693,85.380,69.320,4.151,67.052,85.459,69.422,167.061
27/1/13,129.437,85.848,69.198,4.151,68.388,85.286,69.207,167.300
28/1/13,129.340,85.958,68.236,4.150,71.696,85.202,69.132,166.870
29/1/13,129.912,88.272,67.405,4.153,75.154,85.823,69.826,166.494
30/1/13,130.353,88.869,69.740,4.146,77.059,86.250,70.278,166.222
31/1/13,130.569,88.898,69.326,4.150,77.816,86.466,70.491,166.445
1/2/13,130.184,88.770,68.231,4.149,78.285,86.491,70.384,166.598
2/2/13,130.417,88.829,70.172,4.151,77.875,87.239,71.087,166.641
3/2/13,130.582,87.933,70.149,4.150,78.178,87.323,71.205,166.751
4/2/13,130.680,88.039,69.751,4.162,79.808,87.370,71.219,166.896
5/2/13,130.262,89.262,68.870,4.150,81.888,87.569,71.492,166.470
6/2/13,129.970,89.924,68.905,4.149,84.397,87.422,71.318,166.195
7/2/13,129.769,89.100,69.522,4.150,83.959,86.960,70.790,166.435
8/2/13,129.566,88.962,68.339,4.150,78.623,87.044,70.846,166.483
9/2/13,129.828,88.516,68.278,4.149,62.223,86.856,70.700,166.260
10/2/13,129.891,88.478,69.846,4.153,61.291,86.606,70.504,166.751
11/2/13,129.565,88.472,68.944,4.150,63.763,86.606,70.464,166.673
12/2/13,129.527,88.374,68.054,4.150,65.603,86.645,70.494,166.567
13/2/13,128.945,89.172,68.370,4.150,66.585,86.642,70.544,165.968
14/2/13,128.909,89.878,68.445,4.150,69.318,86.725,70.689,165.459
15/2/13,128.680,89.951,68.175,4.150,70.681,86.396,70.355,165.583
16/2/13,128.129,90.035,69.302,4.150,71.208,85.695,69.675,165.457
17/2/13,127.849,89.925,69.569,4.149,72.243,85.080,69.161,165.210
18/2/13,128.167,89.912,70.423,4.151,76.065,84.859,68.916,165.568
19/2/13,127.811,90.075,70.959,4.150,75.759,84.373,68.376,165.698
20/2/13,105.775,68.088,62.766,3.749,59.941,64.653,57.970,155.199
21/2/13,103.246,58.320,70.341,4.149,50.160,57.896,41.136,164.045
22/2/13,104.593,66.634,70.150,4.150,49.570,69.638,52.751,164.339
23/2/13,102.140,83.909,69.818,4.151,55.833,82.632,65.852,165.509
24/2/13,106.055,88.217,67.827,4.149,58.738,85.554,68.838,165.712
25/2/13,106.935,88.157,68.054,4.150,59.466,85.304,68.788,165.657
26/2/13,100.816,87.776,68.340,4.151,57.334,85.091,68.721,165.506
27/2/13,99.809,87.435,68.660,4.150,55.998,84.475,68.218,165.411
28/2/13,102.774,87.801,69.140,4.150,60.822,85.088,68.793,164.414
1/3/13,105.710,88.075,70.746,4.151,61.457,85.217,68.754,165.370
2/3/13,107.598,88.340,69.717,4.150,62.701,85.698,69.174,166.143
3/3/13,106.153,88.091,69.193,4.150,63.878,85.426,68.907,166.009
4/3/13,104.962,88.163,69.255,4.150,62.253,85.706,69.232,165.784
5/3/13,106.279,88.161,69.802,4.149,63.353,85.350,68.892,165.836
6/3/13,108.191,88.188,70.376,4.150,63.994,85.125,68.673,166.236
7/3/13,109.410,88.285,69.952,4.150,66.939,85.473,69.044,165.857
8/3/13,109.195,88.487,69.541,4.149,66.155,85.424,69.045,166.105
9/3/13,109.702,88.161,69.112,4.184,68.212,85.514,69.114,165.741
10/3/13,105.583,87.971,67.962,4.197,65.163,86.278,69.779,165.899
11/3/13,104.944,87.431,68.856,4.151,67.183,85.857,69.397,165.489
12/3/13,106.131,87.364,70.135,4.149,68.867,85.375,68.854,165.756
13/3/13,105.338,87.125,71.817,4.150,69.262,85.376,68.890,165.512
14/3/13,105.832,87.299,71.565,4.150,70.684,85.099,68.625,165.756
15/3/13,108.345,87.803,71.180,4.149,73.035,85.023,68.545,165.548
16/3/13,109.446,88.261,70.472,4.150,74.881,84.978,68.640,165.435
17/3/13,110.607,88.626,70.079,4.150,75.797,84.867,68.567,165.369
18/3/13,111.627,88.447,70.981,4.151,76.672,84.801,68.529,164.906
19/3/13,113.379,87.560,69.639,4.150,78.410,84.241,68.406,165.671
20/3/13,112.855,86.510,69.022,4.150,78.642,84.642,66.797,165.304
21/3/13,113.050,85.231,67.603,4.151,77.861,84.898,66.621,165.181
22/3/13,113.188,85.600,68.052,4.150,78.937,85.165,69.000,165.645
23/3/13,114.619,87.222,67.200,4.150,80.052,84.555,68.344,165.589
24/3/13,115.253,87.812,66.924,4.150,77.280,84.452,68.165,165.297
25/3/13,116.288,87.900,67.420,4.150,70.640,84.336,68.062,166.195
26/3/13,116.482,88.149,67.594,4.150,70.144,84.450,68.222,167.065
27/3/13,116.934,87.450,68.514,4.150,71.218,84.423,68.213,167.152
28/3/13,116.866,85.906,69.929,4.149,73.470,83.986,67.678,166.950
29/3/13,118.482,85.832,68.936,4.150,74.916,83.354,65.001,166.609
30/3/13,120.574,85.884,69.045,4.150,76.460,83.355,65.000,166.935
31/3/13,120.760,85.821,68.308,4.150,77.848,83.459,65.000,167.030
1/4/13,123.192,85.650,68.988,4.150,78.207,83.464,64.998,166.869
2/4/13,123.995,86.258,67.097,4.150,72.503,83.444,64.998,166.536
3/4/13,123.724,87.294,66.360,4.150,73.458,83.402,65.001,166.279
4/4/13,124.266,86.245,67.339,4.149,72.300,83.376,65.000,166.613
5/4/13,124.795,85.694,67.830,4.150,70.396,83.361,64.998,166.448
6/4/13,124.500,83.683,67.731,4.151,67.613,83.274,64.889,166.917
7/4/13,124.537,80.907,66.861,4.150,68.752,82.476,64.141,166.777
8/4/13,124.943,81.100,68.000,4.150,70.891,81.922,64.434,166.367
9/4/13,124.804,81.424,67.389,4.150,69.668,81.620,65.313,166.726
10/4/13,69.795,37.128,33.836,3.634,25.780,40.663,50.750,124.675
11/4/13,16.494,23.359,10.147,2.442,15.848,10.373,0.000,95.122
12/4/13,10.105,23.746,10.034,1.383,14.704,10.388,0.000,69.034
13/4/13,9.516,23.852,10.706,1.326,0.000,10.348,0.000,45.691
14/4/13,11.647,24.163,11.517,2.036,0.000,10.348,0.000,41.193
15/4/13,8.883,9.298,6.896,2.371,72.957,10.353,0.000,36.715
16/4/13,64.068,52.331,40.677,3.856,62.531,34.723,31.854,99.329
17/4/13,115.160,73.569,69.027,4.148,58.391,74.627,58.631,165.053
18/4/13,115.524,89.052,68.629,4.187,55.652,86.130,69.949,166.512
19/4/13,111.569,89.302,68.218,4.153,50.959,86.774,70.582,166.424
20/4/13,107.244,88.952,68.565,4.152,49.471,87.649,71.526,166.640
21/4/13,107.143,87.604,68.783,4.155,49.715,86.603,70.443,166.600
22/4/13,103.262,77.745,67.839,4.150,47.625,78.821,61.654,166.975
23/4/13,100.425,78.058,68.341,4.151,49.735,79.009,59.928,165.912
24/4/13,99.320,78.200,68.269,4.150,49.868,79.110,60.045,165.898
25/4/13,98.295,78.243,68.617,4.149,46.289,79.165,60.262,165.633
26/4/13,98.578,78.923,67.810,4.150,47.849,79.455,60.885,165.220
27/4/13,98.901,78.966,68.592,4.151,46.722,79.155,60.272,165.505
28/4/13,99.642,78.898,68.372,4.150,46.361,78.865,60.155,165.594
29/4/13,98.854,79.580,68.822,4.151,47.197,79.111,60.424,165.380
30/4/13,100.440,83.534,69.313,4.150,52.412,82.235,63.601,165.666
1/5/13,103.680,86.989,69.156,4.151,58.499,84.798,66.617,166.518
2/5/13,103.554,87.647,69.040,4.149,59.082,85.685,67.514,166.645
3/5/13,104.533,87.681,68.855,4.149,59.983,85.346,67.168,166.956
4/5/13,106.633,87.801,68.973,4.221,60.887,85.343,67.111,167.247
5/5/13,109.505,88.204,70.558,4.300,59.489,85.431,67.214,167.968
6/5/13,108.091,88.225,69.494,4.221,56.700,86.068,67.831,167.880
7/5/13,107.918,88.167,68.573,4.150,56.702,85.904,67.800,167.601
8/5/13,108.150,88.511,68.894,4.152,53.874,86.032,67.940,167.690
9/5/13,108.002,88.298,68.795,4.149,65.342,86.723,68.726,167.774
10/5/13,109.116,88.390,67.640,4.152,63.817,87.119,69.174,168.216
11/5/13,110.370,88.033,68.843,4.151,62.186,87.217,68.956,168.649
12/5/13,111.728,89.123,68.500,4.148,61.844,87.286,68.998,168.528
13/5/13,112.792,90.943,69.529,4.151,60.307,87.130,68.880,167.875
14/5/13,110.688,90.396,68.695,4.150,59.464,87.003,68.708,167.747
15/5/13,111.036,90.010,67.672,4.150,59.946,87.010,68.732,167.381
16/5/13,113.498,90.325,69.857,4.150,60.698,87.004,68.701,167.488
17/5/13,105.058,89.421,69.103,4.150,56.115,87.074,68.796,167.249
18/5/13,101.562,89.246,67.989,4.150,51.494,87.138,68.801,167.487
19/5/13,98.703,89.202,67.204,4.150,51.605,87.202,68.908,167.612
20/5/13,104.910,89.174,67.758,4.150,57.874,87.180,69.001,168.128
21/5/13,109.231,89.420,67.988,4.150,62.369,87.149,69.002,167.976
22/5/13,107.958,89.330,68.861,4.149,61.654,87.158,69.101,167.714
23/5/13,105.344,89.824,68.023,4.159,60.567,87.986,69.945,167.526
24/5/13,104.093,89.577,68.630,4.200,59.973,88.132,69.974,168.069
25/5/13,105.977,89.763,72.613,4.195,64.947,88.073,69.997,167.495
26/5/13,107.502,89.870,71.109,4.236,62.123,87.977,69.970,165.856
27/5/13,107.615,89.734,71.228,4.206,61.804,87.987,69.949,165.898
28/5/13,108.002,89.699,69.702,4.200,61.079,87.285,69.209,165.774
29/5/13,107.579,89.878,67.558,4.199,58.326,87.480,69.266,166.881
30/5/13,107.257,90.013,68.099,4.200,59.010,87.892,69.705,167.314
31/5/13,106.099,89.843,68.716,4.198,58.755,87.499,69.383,166.356
1/6/13,105.662,89.690,69.270,4.199,60.459,87.213,69.136,166.828
2/6/13,105.935,89.925,69.001,4.224,60.242,87.425,69.382,166.270
3/6/13,105.989,89.874,68.748,4.248,57.385,87.197,69.048,165.681
4/6/13,106.508,89.799,69.071,4.249,58.638,86.876,68.767,165.735
5/6/13,107.058,89.711,70.303,4.276,61.025,86.740,68.639,165.710
6/6/13,107.289,89.496,71.614,4.299,61.035,85.954,67.861,166.002
7/6/13,107.055,89.369,70.965,4.307,59.919,86.076,67.950,165.462
8/6/13,107.403,89.428,71.116,4.309,58.205,86.061,68.001,165.036
9/6/13,107.703,89.475,73.046,4.366,58.391,85.425,67.340,165.663
10/6/13,107.459,89.311,75.760,4.453,60.577,85.188,67.547,166.333
11/6/13,107.867,89.565,74.407,4.452,61.116,84.994,68.988,167.054
12/6/13,106.278,89.275,71.796,4.449,60.935,85.020,68.958,167.451
13/6/13,106.171,89.439,73.097,4.449,60.303,85.270,68.556,166.680
14/6/13,106.937,89.295,73.698,4.449,59.495,84.973,67.176,167.094
15/6/13,106.093,88.983,72.893,4.404,59.019,85.384,67.511,168.396
16/6/13,106.259,88.801,71.309,4.401,57.671,85.112,67.252,168.535
17/6/13,106.487,88.375,71.441,4.400,56.616,84.736,66.936,168.465
18/6/13,105.974,85.328,71.590,4.397,60.230,83.008,65.220,168.215
19/6/13,106.517,84.965,71.614,4.401,60.283,82.777,65.005,168.344
20/6/13,107.038,84.860,71.497,4.399,56.876,82.846,64.999,168.673
21/6/13,107.932,84.719,72.026,4.399,59.248,82.900,65.001,168.993
22/6/13,106.705,84.670,70.736,4.401,57.726,83.147,65.000,169.078
23/6/13,105.838,84.390,68.402,4.402,55.959,83.086,64.999,169.353
24/6/13,106.676,84.471,67.854,4.400,56.946,83.070,64.999,169.314
25/6/13,107.596,84.486,67.690,4.422,57.897,82.781,64.760,169.173
26/6/13,110.630,84.545,68.730,4.399,57.045,82.572,64.524,168.814
27/6/13,111.345,84.551,71.647,4.401,61.546,82.893,64.869,168.720
28/6/13,111.712,84.491,72.543,4.404,61.951,82.980,64.999,168.936
29/6/13,110.519,84.181,71.866,4.399,57.521,82.839,64.829,169.500
30/6/13,110.386,83.907,72.054,4.413,57.481,82.826,64.752,169.629
1/7/13,109.346,83.589,72.026,4.401,57.745,82.936,64.921,169.148
2/7/13,108.650,83.590,72.177,4.402,55.989,82.991,64.989,169.233
3/7/13,109.964,83.556,73.052,4.403,58.278,83.426,65.404,169.114
4/7/13,109.345,83.482,73.617,4.400,57.614,83.858,67.823,169.461
5/7/13,109.982,83.612,73.054,4.463,57.383,83.769,67.879,168.962
6/7/13,109.333,83.478,71.294,4.527,57.145,83.346,67.397,168.998
7/7/13,108.857,82.390,72.157,4.564,56.045,82.889,66.928,168.274
8/7/13,63.788,56.884,65.208,3.010,48.323,34.936,47.106,116.980
9/7/13,28.615,0.000,30.164,0.372,0.000,10.010,0.000,56.640
10/7/13,25.880,0.000,26.236,0.951,0.000,10.011,0.000,47.755
11/7/13,25.517,0.000,25.711,2.521,0.000,9.998,0.000,40.487
12/7/13,24.596,0.000,24.249,2.592,0.000,9.990,0.000,36.680
13/7/13,24.638,0.000,25.213,2.586,0.000,10.000,0.000,33.269
14/7/13,25.164,0.000,25.158,2.646,0.000,9.998,0.000,31.344
15/7/13,25.319,0.000,26.712,2.735,10.005,9.769,0.000,29.583
16/7/13,83.147,56.930,58.473,3.986,42.211,51.549,37.487,118.808
17/7/13,105.330,68.157,72.369,4.324,57.390,70.721,54.047,168.196
18/7/13,109.741,82.771,73.066,4.451,58.509,82.520,66.098,168.389
19/7/13,110.082,87.507,72.523,4.460,56.306,85.862,69.716,168.927
20/7/13,107.859,87.358,72.652,4.423,56.356,85.474,71.001,168.923
21/7/13,106.737,87.179,72.438,4.427,55.231,84.869,70.398,169.193
22/7/13,109.185,87.337,73.160,4.546,59.969,85.440,69.748,169.151
23/7/13,108.892,87.520,72.972,4.576,60.663,85.883,68.698,169.043
24/7/13,108.074,87.399,71.733,4.520,59.534,85.133,67.961,168.807
25/7/13,108.328,87.234,72.348,4.553,61.576,85.192,67.754,168.729
26/7/13,108.463,87.164,71.461,4.495,59.623,85.040,67.280,168.481
27/7/13,108.303,87.180,70.894,4.416,57.373,84.426,66.696,167.704
28/7/13,108.054,87.090,71.502,4.484,58.370,84.234,66.512,167.747
29/7/13,107.181,87.003,72.163,4.511,59.439,84.606,66.895,167.424
30/7/13,108.597,87.228,72.340,4.560,60.806,85.256,67.532,167.803
31/7/13,109.213,87.436,72.344,4.503,58.202,85.779,68.099,167.296
1/8/13,110.952,87.870,72.464,4.579,57.521,86.324,68.706,167.903
2/8/13,111.803,87.885,73.214,4.544,57.059,86.370,68.785,168.073
3/8/13,112.322,87.785,72.220,4.487,54.931,86.368,68.668,167.979
4/8/13,113.010,87.909,71.877,4.522,54.423,87.119,69.460,167.994
5/8/13,113.164,87.776,69.598,4.653,53.502,86.923,69.346,168.503
6/8/13,112.137,84.288,68.673,4.604,53.122,84.014,66.358,168.542
7/8/13,112.762,76.918,70.548,4.563,54.929,78.116,60.333,168.604
8/8/13,112.933,75.009,69.680,4.535,55.339,76.990,59.236,168.536
9/8/13,112.316,74.328,69.854,4.479,53.548,76.149,58.460,168.122
10/8/13,111.139,70.483,69.794,4.331,54.991,72.229,54.631,167.340
11/8/13,111.406,69.883,69.535,4.328,55.205,71.330,53.707,166.470
12/8/13,112.582,72.797,70.831,4.481,57.057,73.462,55.805,167.202
13/8/13,112.555,73.671,70.702,4.484,57.849,74.610,57.012,167.411
14/8/13,113.228,73.712,71.427,4.456,58.655,74.837,57.208,167.057
15/8/13,112.853,73.602,72.036,4.508,58.872,74.969,57.300,167.035
16/8/13,112.430,73.029,72.451,4.510,60.108,75.274,57.613,166.998
17/8/13,112.410,72.908,72.958,4.515,60.273,75.406,57.752,167.019
18/8/13,112.776,72.852,72.619,4.494,59.200,74.519,56.944,167.100
19/8/13,112.497,73.093,70.976,4.440,59.244,73.741,56.114,166.861
20/8/13,112.475,73.714,72.196,4.428,63.007,74.257,56.576,166.145
21/8/13,112.742,74.185,73.417,4.412,63.892,75.127,57.394,166.392
22/8/13,112.008,74.020,73.510,4.403,62.744,75.417,57.702,166.479
23/8/13,111.620,75.370,72.359,4.329,63.399,76.181,58.450,166.508
24/8/13,111.668,76.140,71.258,4.327,60.280,76.174,58.367,166.567
25/8/13,112.732,76.185,72.618,4.389,61.076,76.724,58.977,166.307
26/8/13,113.489,76.537,71.617,4.411,61.504,76.917,59.273,166.931
27/8/13,112.839,78.104,72.191,4.417,62.236,78.264,60.559,167.004
28/8/13,112.550,78.117,71.542,4.408,61.286,78.113,60.415,167.066
29/8/13,112.733,78.466,72.044,4.443,62.834,78.286,60.605,166.691
30/8/13,112.579,78.468,72.014,4.385,63.227,78.344,60.665,166.905
31/8/13,112.185,78.690,72.239,4.332,64.166,78.301,60.551,166.875
1/9/13,112.319,78.145,73.210,4.351,65.324,77.630,59.983,166.830
2/9/13,110.988,75.427,74.396,4.314,67.227,75.791,58.136,166.890
3/9/13,110.945,74.267,74.725,4.261,67.039,75.079,57.422,166.699
4/9/13,112.036,75.364,76.866,4.225,67.541,75.109,57.525,166.904
5/9/13,111.923,77.739,78.671,4.303,66.069,77.200,59.680,166.495
6/9/13,111.210,77.393,80.736,4.302,72.476,77.453,59.997,166.151
7/9/13,111.700,77.396,80.739,4.342,68.531,78.834,61.314,165.221
8/9/13,113.287,77.313,74.969,4.405,65.129,78.981,61.491,164.933
9/9/13,113.988,77.619,70.775,4.400,59.583,78.023,60.447,164.455
10/9/13,114.480,78.475,70.426,4.400,58.819,78.444,60.879,165.030
11/9/13,112.606,78.715,70.587,4.417,60.006,78.003,60.432,166.479
12/9/13,113.095,78.436,72.958,4.407,67.090,77.272,59.733,167.504
13/9/13,113.298,78.788,71.627,4.405,61.963,76.381,58.997,167.462
14/9/13,112.583,78.876,72.426,4.407,65.595,76.680,59.214,167.432
15/9/13,112.896,79.611,72.713,4.413,65.692,77.689,60.254,167.379
16/9/13,113.344,80.207,74.052,4.406,65.639,77.971,60.574,167.961
17/9/13,113.661,80.878,72.972,4.410,65.730,79.345,61.909,167.622
18/9/13,113.899,80.704,74.333,4.408,65.457,79.022,61.599,167.389
19/9/13,114.079,80.806,74.956,4.416,67.625,78.848,61.444,166.924
20/9/13,113.301,80.720,73.663,4.428,67.112,78.911,61.440,167.170
21/9/13,113.021,80.689,73.752,4.402,65.867,79.125,61.584,166.893
22/9/13,112.927,80.556,74.839,4.406,65.861,79.179,61.599,167.289
23/9/13,112.643,80.790,73.257,4.401,64.853,79.303,61.701,167.366
24/9/13,113.668,82.518,73.293,4.398,64.981,81.470,63.954,167.892
25/9/13,113.276,82.858,73.326,4.399,63.474,81.878,64.435,168.095
26/9/13,113.703,82.811,73.230,4.401,63.382,81.883,64.413,167.969
27/9/13,113.510,82.969,73.818,4.397,59.801,81.496,63.997,168.395
28/9/13,113.394,82.855,73.953,4.400,63.484,80.985,63.466,168.218
29/9/13,112.426,83.005,74.095,4.398,63.555,81.044,63.506,169.106
30/9/13,113.194,83.418,74.410,4.401,65.588,80.635,63.113,167.960
1/10/13,113.699,85.068,75.644,4.401,67.949,82.535,65.099,167.608
2/10/13,113.266,84.886,77.121,4.406,69.791,83.280,65.960,165.658
3/10/13,112.744,85.203,73.956,4.500,64.747,82.698,65.338,166.371
4/10/13,112.552,84.914,74.151,4.500,65.011,81.224,63.715,166.064
5/10/13,112.467,84.791,75.450,4.503,65.321,81.341,63.882,165.981
6/10/13,112.163,84.909,75.053,4.500,64.914,81.243,63.853,164.683
7/10/13,112.095,84.692,74.561,4.500,62.473,81.438,64.021,164.978
8/10/13,112.467,84.601,73.235,4.501,59.518,81.424,64.000,164.835
9/10/13,112.543,84.687,72.969,4.499,60.668,81.531,64.063,165.572
10/10/13,114.220,84.768,73.167,4.500,58.555,81.985,64.426,167.268
11/10/13,114.007,84.890,72.267,4.490,56.994,82.229,64.701,167.880
12/10/13,113.278,85.024,71.778,4.500,57.391,82.219,64.627,168.718
13/10/13,111.779,84.810,71.842,4.501,60.143,81.776,64.145,168.502
14/10/13,112.215,84.766,72.194,4.509,61.114,81.645,63.992,168.668
15/10/13,112.097,85.133,72.297,4.500,63.345,81.593,64.013,167.737
16/10/13,111.441,85.009,71.754,4.500,64.195,81.541,63.896,167.802
17/10/13,111.465,84.461,71.788,4.500,64.477,81.713,63.981,168.269
18/10/13,111.763,84.536,71.111,4.500,64.860,81.691,63.999,168.287
19/10/13,112.381,84.659,70.677,4.500,62.414,81.655,64.000,168.798
20/10/13,113.054,84.338,71.333,4.500,64.185,81.975,64.340,168.363
21/10/13,113.364,84.732,70.370,4.500,63.268,82.607,64.953,168.805
22/10/13,113.100,84.546,70.684,4.500,60.709,82.335,64.793,168.888
23/10/13,113.274,84.426,70.821,4.500,61.628,82.287,64.700,168.794
24/10/13,113.576,84.260,70.434,4.499,61.169,82.827,65.285,168.941
25/10/13,112.109,84.479,69.318,4.500,60.979,84.296,66.716,169.144
26/10/13,111.230,84.057,68.081,4.500,58.474,85.190,67.584,168.991
27/10/13,111.786,83.462,68.579,4.501,55.351,85.323,67.664,169.282
28/10/13,111.755,83.263,68.329,4.500,54.981,85.916,68.279,169.260
29/10/13,111.703,83.238,68.920,4.500,51.101,85.342,67.696,170.246
30/10/13,111.931,82.931,67.989,4.499,51.942,85.233,67.568,170.299
31/10/13,111.991,82.951,68.202,4.499,55.364,84.969,67.322,170.313
1/11/13,112.933,82.963,68.613,4.504,58.192,84.458,66.853,170.168
2/11/13,113.387,83.169,67.882,4.500,58.086,84.094,66.471,170.223
3/11/13,113.589,82.985,67.987,4.500,54.867,83.723,66.079,170.827
4/11/13,113.969,82.947,67.936,4.500,53.161,83.750,66.088,171.028
5/11/13,113.440,82.993,68.156,4.499,53.793,83.702,65.946,170.536
6/11/13,113.039,83.066,69.064,4.498,56.120,83.079,65.429,169.751
7/11/13,112.418,83.145,68.664,4.499,60.419,82.578,65.001,168.426
8/11/13,111.769,83.007,69.700,4.500,59.375,82.633,65.001,167.574
9/11/13,112.062,83.012,69.392,4.499,61.074,82.770,65.088,166.913
10/11/13,111.202,83.076,68.512,4.501,60.309,82.863,65.226,166.586
11/11/13,110.524,83.185,67.407,4.500,60.850,82.819,65.157,166.146
12/11/13,110.600,82.955,67.204,4.500,59.427,82.788,65.191,165.130
13/11/13,111.328,82.953,66.896,4.499,58.463,82.757,65.195,165.056
14/11/13,111.108,83.198,68.122,4.500,58.087,82.342,64.824,165.003
15/11/13,111.008,83.515,68.146,4.500,58.639,81.774,64.316,164.467
16/11/13,110.452,83.399,68.522,4.500,59.398,81.706,64.187,164.324
17/11/13,111.005,83.556,68.966,4.500,60.507,81.772,64.199,163.819
18/11/13,109.670,83.872,68.620,4.500,59.386,81.844,64.198,163.601
19/11/13,109.527,84.037,67.857,4.499,60.503,81.997,64.428,163.520
20/11/13,109.907,84.074,67.417,4.501,60.985,82.111,64.559,163.496
21/11/13,109.993,84.243,67.206,4.500,62.337,82.285,64.730,163.569
22/11/13,110.301,84.156,67.358,4.500,60.657,82.256,64.801,164.148
23/11/13,110.979,84.031,68.384,4.502,58.575,82.271,64.800,163.977
24/11/13,111.125,84.020,69.947,4.500,57.534,82.342,64.800,164.075
25/11/13,109.857,84.213,71.469,4.500,57.528,82.370,64.798,163.762
26/11/13,109.870,84.152,71.042,4.499,59.163,82.410,64.801,163.630
27/11/13,109.829,84.274,70.695,4.332,59.637,82.219,64.704,162.848
28/11/13,109.236,84.417,71.268,4.200,56.566,80.798,63.395,162.340
29/11/13,110.775,84.263,71.482,4.200,52.804,79.964,62.575,162.972
30/11/13,112.127,84.204,72.214,4.202,54.606,80.594,63.192,163.188
1/12/13,114.142,84.215,72.666,4.200,52.981,81.187,63.776,163.278
2/12/13,115.027,84.480,72.079,4.200,52.079,80.971,63.606,162.572
3/12/13,114.617,84.413,71.830,4.199,53.017,79.771,62.627,162.060
4/12/13,112.625,81.150,71.003,4.201,53.764,77.166,60.126,161.192
5/12/13,111.046,77.743,69.804,4.200,53.782,74.597,57.515,161.447
6/12/13,111.032,73.476,70.813,4.200,52.666,70.449,53.390,162.173
7/12/13,110.882,72.686,70.674,4.200,53.293,69.973,52.875,161.743
8/12/13,110.323,72.994,71.556,4.199,51.851,71.344,54.341,161.629
9/12/13,111.697,73.422,71.526,4.201,51.191,71.753,54.950,161.556
10/12/13,63.333,69.317,50.415,3.533,36.472,37.918,25.338,138.636
11/12/13,13.290,0.000,11.001,1.624,19.787,9.813,5.332,97.193
12/12/13,7.504,0.000,5.455,0.404,31.179,9.828,0.000,55.768
13/12/13,4.683,0.000,0.587,0.224,29.771,9.819,2.982,43.282
14/12/13,1.544,0.000,2.150,1.107,30.367,9.828,0.000,45.281
15/12/13,1.837,0.000,66.260,2.447,37.939,9.863,0.000,126.313
16/12/13,1.986,0.000,65.974,3.141,32.853,9.955,0.000,135.355
17/12/13,74.562,58.622,49.207,3.979,46.256,44.700,38.682,155.378
18/12/13,107.798,65.900,70.894,4.301,57.320,66.048,50.425,162.551
19/12/13,109.277,80.488,69.245,4.299,64.612,74.848,60.045,163.924
20/12/13,110.099,84.560,70.839,4.306,63.106,77.822,63.065,163.268
21/12/13,110.763,84.598,72.329,4.299,64.640,78.325,63.489,163.434
22/12/13,112.008,84.614,72.651,4.318,64.550,78.874,64.079,163.464
23/12/13,113.529,84.603,72.667,4.301,61.938,79.393,64.715,163.233
24/12/13,115.049,84.419,74.916,4.301,58.962,79.659,62.831,162.119
25/12/13,114.564,84.533,76.359,4.305,56.191,78.748,61.645,163.011
26/12/13,114.514,84.593,75.856,4.300,59.538,78.356,61.133,164.282
27/12/13,113.444,84.663,75.124,4.301,58.986,78.262,61.129,164.497
28/12/13,113.157,84.705,75.467,4.300,58.763,77.891,61.011,164.007
29/12/13,112.728,84.853,75.762,4.302,58.750,77.207,60.526,163.913
30/12/13,113.587,89.134,75.617,4.299,59.139,77.037,60.389,163.975
31/12/13,115.539,91.486,75.795,4.302,58.651,77.572,60.899,163.850
1/1/14,115.076,95.817,75.629,4.300,58.303,77.974,61.181,164.173
2/1/14,115.362,96.785,75.678,4.301,58.543,78.431,61.597,164.697
3/1/14,115.245,97.279,76.707,4.299,60.551,78.280,61.459,164.606
4/1/14,114.364,97.159,76.269,4.300,60.359,78.944,62.134,165.071
5/1/14,114.570,96.556,75.677,4.301,61.197,78.797,62.013,165.291
6/1/14,114.696,96.352,75.784,4.300,63.146,79.201,62.379,164.985
7/1/14,116.579,96.269,75.909,4.301,63.580,79.741,62.932,165.078
8/1/14,117.510,96.199,76.353,4.300,60.919,80.082,63.279,165.212
9/1/14,117.531,95.539,77.680,4.300,56.569,81.727,64.826,166.430
10/1/14,118.037,93.236,77.312,4.300,54.885,81.455,64.602,166.956
11/1/14,118.814,92.802,77.085,4.300,54.748,81.351,64.536,166.972
12/1/14,118.642,92.584,77.448,4.302,54.875,81.280,64.496,166.750
13/1/14,117.692,92.280,77.941,4.301,54.053,81.253,64.377,166.431
14/1/14,117.972,92.085,77.505,4.299,54.122,81.032,64.208,166.095
15/1/14,118.443,91.971,77.513,4.299,55.380,80.611,63.800,165.571
16/1/14,119.014,91.815,77.888,4.300,56.779,79.811,63.009,165.171
17/1/14,118.465,91.479,77.949,4.300,56.636,80.071,63.302,164.723
18/1/14,116.843,91.109,77.919,4.300,54.971,80.515,63.813,164.713
19/1/14,114.422,91.238,77.555,4.300,53.647,80.418,63.598,165.085
20/1/14,115.588,91.000,77.493,4.301,54.632,80.486,63.707,165.111
21/1/14,113.996,89.500,77.311,4.300,53.873,80.513,63.665,165.779
22/1/14,115.451,89.447,77.360,4.300,54.347,79.991,63.125,166.376
23/1/14,116.739,89.225,77.502,4.301,54.194,80.249,63.339,166.515
24/1/14,117.598,89.169,77.269,4.300,54.907,80.749,63.903,166.650
25/1/14,118.435,88.666,77.040,4.299,57.034,81.036,64.221,166.741
26/1/14,115.753,87.191,77.173,4.301,52.067,81.678,64.807,167.178
27/1/14,116.561,85.941,77.545,4.298,55.144,82.138,65.171,167.885
28/1/14,117.786,85.215,77.221,4.300,54.457,81.094,64.385,167.733
29/1/14,117.747,84.488,77.263,4.300,56.241,80.853,64.089,167.269
30/1/14,118.533,84.084,76.974,4.299,58.028,81.143,64.439,166.588
31/1/14,117.753,83.971,76.784,4.299,58.473,81.732,64.960,166.431
1/2/14,118.203,83.800,76.425,4.299,58.355,81.322,64.604,166.912
2/2/14,120.360,84.123,76.042,4.301,58.963,80.671,64.030,166.644
3/2/14,120.635,84.624,76.765,4.300,54.930,79.657,63.127,166.947
4/2/14,120.373,85.114,77.184,4.300,52.048,80.107,63.283,167.518
5/2/14,119.667,85.037,74.762,4.300,52.391,80.096,63.274,168.002
6/2/14,120.784,84.883,73.370,4.308,50.665,79.967,63.200,168.791
7/2/14,121.758,84.855,72.121,4.299,51.646,79.988,63.200,168.782
8/2/14,122.130,84.969,71.719,4.299,53.081,80.277,63.471,168.552
9/2/14,122.103,85.161,70.741,4.304,53.435,80.191,63.406,168.627
10/2/14,121.589,85.185,70.566,4.302,53.092,80.187,63.367,168.374
11/2/14,121.220,85.245,70.105,4.328,52.535,80.101,63.300,168.256
12/2/14,120.724,85.054,69.719,4.322,52.420,79.703,62.954,167.996
13/2/14,120.424,85.076,70.311,4.300,52.798,79.720,62.948,168.002
14/2/14,121.700,84.924,71.882,4.301,54.306,79.975,63.189,167.004
15/2/14,122.361,84.853,73.331,4.300,54.725,80.324,63.529,166.752
16/2/14,121.564,84.780,73.468,4.302,53.067,80.581,63.798,166.933
17/2/14,120.867,84.421,73.625,4.301,51.966,81.010,64.214,167.048
18/2/14,121.100,84.136,74.774,4.301,49.817,81.606,64.752,167.747
19/2/14,120.698,84.174,75.402,4.300,48.409,82.116,65.279,168.237
20/2/14,121.495,83.748,74.860,4.300,47.685,81.882,65.003,168.768
21/2/14,117.455,82.128,74.919,4.300,46.510,82.103,65.162,169.007
22/2/14,117.691,81.189,74.511,4.300,46.469,82.404,65.500,169.404
23/2/14,117.550,82.953,73.381,4.300,45.968,82.321,65.499,169.844
24/2/14,116.618,85.276,72.293,4.303,47.939,82.328,65.500,169.561
25/2/14,115.727,85.689,71.862,4.301,48.758,82.329,65.500,169.173
26/2/14,115.420,85.360,71.859,4.301,48.543,82.319,65.500,168.909
27/2/14,116.426,85.130,71.273,4.300,50.300,82.284,65.499,168.363
28/2/14,114.748,83.918,71.164,4.301,51.327,81.836,65.012,167.823
1/3/14,114.992,82.866,71.216,4.308,53.720,80.871,64.001,167.094
2/3/14,113.928,82.560,71.043,4.300,53.199,80.803,63.952,166.358
3/3/14,114.415,81.761,70.971,4.304,54.344,80.337,63.501,165.998
4/3/14,115.316,80.951,71.719,4.315,54.463,80.156,63.260,165.983
5/3/14,114.175,79.615,72.990,4.301,53.049,79.936,62.999,165.822
6/3/14,115.519,79.341,73.360,4.300,52.828,79.949,62.999,165.799
7/3/14,64.346,26.987,57.661,2.025,47.127,18.448,17.461,109.673
8/3/14,80.314,62.084,65.619,2.558,46.368,51.728,39.219,141.753
9/3/14,111.816,68.563,73.762,4.326,52.940,74.175,54.361,166.770
10/3/14,112.222,69.165,73.605,4.296,55.759,74.785,55.000,166.774
11/3/14,113.004,69.058,73.810,4.299,55.202,74.855,55.000,167.212
12/3/14,113.761,68.671,73.436,4.300,56.541,75.096,55.001,166.915
13/3/14,112.783,69.255,73.403,4.300,57.429,75.753,55.682,166.342
14/3/14,114.884,74.360,73.593,4.298,57.863,79.374,59.324,166.402
15/3/14,115.235,83.114,74.090,4.297,58.116,85.778,65.930,165.678
16/3/14,115.957,87.708,74.647,4.302,59.498,87.805,69.082,165.541
17/3/14,51.815,48.344,38.259,2.117,52.479,38.858,29.483,100.902
18/3/14,11.720,0.000,12.038,0.183,0.000,7.625,7.692,47.842
19/3/14,9.331,0.000,8.234,0.193,0.000,8.031,7.673,31.554
20/3/14,8.443,0.000,8.172,0.051,0.000,7.812,7.649,22.821
21/3/14,8.329,0.000,9.973,2.364,12.962,8.190,7.742,19.333
22/3/14,53.490,44.444,40.190,2.998,27.882,8.836,7.778,85.412
23/3/14,90.842,49.557,75.413,4.282,47.761,51.151,35.382,165.650
24/3/14,100.286,73.525,75.075,4.300,48.695,78.507,61.129,166.059
25/3/14,102.033,81.273,74.906,4.301,51.003,84.792,67.408,166.048
26/3/14,109.149,81.720,74.955,4.299,54.268,84.484,67.170,166.592
27/3/14,109.810,82.133,75.083,4.299,53.994,84.289,66.998,167.011
28/3/14,111.279,82.407,74.664,4.303,54.969,84.082,66.999,166.877
29/3/14,112.590,82.448,73.864,4.300,52.732,84.103,66.998,166.516
30/3/14,114.038,82.792,73.756,4.300,53.714,84.115,66.998,166.626
31/3/14,114.882,82.951,73.720,4.300,54.760,84.143,66.997,166.452
1/4/14,115.461,83.415,71.940,4.299,55.530,84.101,66.998,166.601
2/4/14,115.485,83.987,70.602,4.301,56.115,84.022,66.998,166.689
3/4/14,115.230,84.668,69.882,4.301,56.914,84.013,66.997,166.272
4/4/14,114.522,85.211,69.202,4.302,56.451,84.048,66.996,165.916
5/4/14,113.817,85.932,68.834,4.300,57.372,84.062,64.631,165.572
6/4/14,113.326,86.154,68.152,4.297,57.931,84.049,64.498,164.996
7/4/14,113.646,85.872,68.131,4.300,58.543,83.727,64.149,164.974
8/4/14,112.893,81.004,67.863,4.300,55.090,79.708,60.088,164.635
9/4/14,114.726,86.533,66.968,4.299,58.655,83.916,64.499,165.017
10/4/14,115.100,85.500,66.390,4.300,58.742,84.007,64.500,166.185
11/4/14,115.775,84.389,65.182,4.298,60.549,84.037,64.499,166.555
12/4/14,116.106,83.764,65.210,4.300,60.598,83.955,64.499,166.699
13/4/14,115.422,85.900,65.995,4.299,61.148,83.839,64.500,166.063
14/4/14,115.125,86.287,66.224,4.300,60.238,83.838,64.267,165.779
15/4/14,114.704,85.441,67.228,4.300,60.883,82.879,63.042,165.309
16/4/14,114.874,83.500,68.484,4.306,62.016,81.029,61.165,164.744
17/4/14,114.778,83.346,68.738,4.299,62.993,80.448,60.526,164.630
18/4/14,114.594,82.765,69.878,4.299,62.660,79.726,60.459,164.183
19/4/14,115.178,81.407,69.833,4.300,62.647,78.756,61.499,163.824
20/4/14,115.248,76.809,69.817,4.300,62.563,75.204,58.199,163.454
21/4/14,115.858,76.626,70.802,4.300,62.811,75.030,57.999,163.154
22/4/14,115.778,76.294,70.426,4.300,62.040,74.995,58.001,162.933
23/4/14,114.968,74.703,71.487,4.299,61.023,75.085,57.564,162.538
24/4/14,115.234,76.453,70.583,4.301,60.648,76.003,56.343,162.689
25/4/14,115.043,76.937,70.022,4.300,61.151,76.224,56.501,162.972
26/4/14,116.023,76.663,69.688,4.301,62.110,76.249,56.501,162.830
27/4/14,116.158,77.502,70.167,4.301,61.055,76.262,56.499,163.298
28/4/14,114.826,80.409,70.758,4.300,58.855,76.282,56.499,163.738
29/4/14,115.486,81.296,71.383,4.300,58.982,76.330,56.501,163.925
30/4/14,115.982,82.125,69.960,4.301,60.539,76.319,56.499,163.831
1/5/14,116.592,82.180,71.030,4.300,61.478,76.417,56.499,164.906
2/5/14,117.697,82.442,72.246,4.302,62.010,76.446,56.497,164.946
3/5/14,117.160,82.627,72.745,4.300,60.159,76.485,56.500,165.693
4/5/14,117.165,82.686,72.690,4.301,58.915,76.533,56.499,165.730
5/5/14,117.399,82.322,73.085,4.300,57.977,76.547,56.499,165.881
6/5/14,117.897,82.109,72.805,4.300,59.129,76.518,56.499,165.946
7/5/14,118.179,82.230,72.700,4.299,60.260,76.525,56.500,166.143
8/5/14,118.156,82.494,73.230,4.299,61.285,76.537,56.500,165.992
9/5/14,119.161,83.243,72.992,4.302,61.847,76.416,56.500,165.859
10/5/14,119.477,84.911,73.151,4.300,61.839,76.186,56.416,165.776
11/5/14,118.474,83.597,72.624,4.299,60.871,74.217,54.461,165.105
12/5/14,118.233,82.191,73.113,4.303,60.630,72.973,53.219,164.264
13/5/14,118.686,81.874,73.266,4.300,60.554,72.722,53.000,163.807
14/5/14,118.742,82.354,73.330,4.300,59.907,72.671,52.999,163.432
15/5/14,118.238,83.056,73.679,4.299,60.694,72.654,52.999,163.007
16/5/14,117.722,81.519,73.914,4.299,58.661,70.952,51.278,161.758
17/5/14,116.084,75.762,74.488,4.301,50.819,65.891,46.101,160.576
18/5/14,116.665,75.693,74.546,4.300,51.982,65.338,45.592,159.912
19/5/14,61.776,47.930,39.368,3.255,37.511,36.485,42.985,113.581
20/5/14,20.564,36.439,21.528,2.429,21.245,9.737,0.000,80.553
21/5/14,19.239,36.318,18.921,2.627,20.642,9.734,0.000,61.002
22/5/14,16.903,36.348,18.127,2.637,20.530,9.764,0.000,46.440
23/5/14,17.733,36.632,18.995,2.708,20.519,9.768,0.000,37.381
24/5/14,18.511,36.602,20.157,2.628,20.630,9.798,0.000,32.293
25/5/14,19.796,36.506,20.593,2.714,20.609,9.781,0.000,31.891
26/5/14,35.210,41.735,25.787,3.258,24.962,9.468,0.000,50.186
27/5/14,105.373,61.323,76.345,4.291,50.718,56.014,40.636,163.362
28/5/14,111.463,82.157,75.242,4.292,53.834,77.357,59.194,163.160
29/5/14,110.359,84.712,75.082,4.300,52.389,79.819,61.301,163.980
30/5/14,111.102,88.419,74.818,4.300,51.876,80.302,61.501,164.422
31/5/14,111.558,88.519,74.872,4.300,51.393,80.282,61.499,164.197
1/6/14,108.610,88.539,74.920,4.300,49.250,80.290,61.501,163.926
2/6/14,108.027,88.394,74.401,4.298,48.864,80.271,61.498,164.003
3/6/14,106.008,87.829,74.409,4.300,49.671,80.357,61.500,164.113
4/6/14,106.581,88.159,74.936,4.298,50.103,80.265,61.502,164.436
5/6/14,107.028,87.320,74.689,4.299,48.482,80.279,61.501,164.642
6/6/14,106.613,87.080,74.308,4.300,49.496,80.312,61.501,164.880
7/6/14,106.322,87.228,74.221,4.300,50.127,80.334,61.500,165.001
8/6/14,105.551,86.731,74.450,4.296,49.413,80.375,61.499,165.394
9/6/14,105.954,87.631,73.915,4.300,50.433,81.195,62.344,165.187
10/6/14,107.109,91.248,73.444,4.314,51.967,84.898,66.160,165.265
11/6/14,107.374,91.335,73.875,4.301,51.721,85.345,65.491,165.354
12/6/14,107.607,91.292,73.404,4.284,50.593,85.734,63.883,165.575
13/6/14,105.904,90.428,73.955,4.291,48.631,86.166,64.198,166.440
14/6/14,105.389,89.674,74.063,4.305,49.531,86.152,64.200,167.322
15/6/14,105.071,89.902,73.744,4.301,49.748,86.092,64.200,167.749
16/6/14,105.082,89.917,74.039,4.312,50.157,86.102,64.199,167.782
17/6/14,104.768,90.166,74.150,4.310,49.836,86.064,64.199,167.588
18/6/14,104.376,90.361,73.856,4.326,49.210,86.074,64.199,167.369
19/6/14,103.915,90.455,74.058,4.300,48.078,86.090,64.201,166.836
20/6/14,104.375,90.309,74.130,4.301,47.896,86.042,64.199,167.023
21/6/14,104.788,90.367,74.057,4.301,48.110,86.029,64.199,166.763
22/6/14,104.791,90.396,73.949,4.301,48.599,86.040,64.199,166.989
23/6/14,103.961,90.512,74.108,4.302,48.326,86.079,64.199,167.041
24/6/14,104.507,90.621,74.043,4.299,48.919,86.060,64.199,167.066
25/6/14,104.643,90.516,74.068,4.301,48.821,86.055,64.199,167.057
26/6/14,105.075,90.479,74.033,4.302,48.921,86.018,64.199,167.527
27/6/14,105.269,90.692,74.179,4.300,49.630,86.040,64.200,167.342
28/6/14,105.350,90.750,74.146,4.299,49.385,86.037,64.199,167.465
29/6/14,106.023,90.543,74.183,4.300,50.030,86.051,64.199,167.713
30/6/14,105.976,90.674,74.030,4.300,49.719,86.027,64.201,167.699
1/7/14,106.385,90.562,74.195,4.298,49.209,86.001,64.200,167.736
2/7/14,107.117,90.307,74.505,4.300,48.867,85.993,64.199,167.780
3/7/14,105.223,90.520,74.059,4.300,49.296,86.053,64.262,166.830
4/7/14,105.895,90.292,74.311,4.300,49.788,85.974,64.200,167.127
5/7/14,106.235,90.281,74.083,4.300,49.510,85.997,64.199,167.031
6/7/14,106.351,90.488,73.979,4.296,48.174,85.929,64.199,166.572
7/7/14,106.336,90.800,74.295,4.301,49.116,85.894,64.199,166.525
8/7/14,106.083,90.857,74.161,4.305,48.588,85.953,64.200,166.217
9/7/14,106.470,91.068,75.108,4.299,49.508,85.954,64.199,166.289
10/7/14,106.421,91.122,75.279,4.301,49.726,85.950,64.200,166.036
11/7/14,106.252,91.004,74.573,4.299,49.991,85.991,64.200,165.724
12/7/14,106.406,91.148,74.731,4.300,49.564,85.990,64.201,166.089
13/7/14,106.172,91.245,74.255,4.302,49.091,85.985,64.200,165.742
14/7/14,106.191,91.508,74.861,4.290,50.231,85.925,64.198,165.228
15/7/14,107.253,91.077,74.854,4.300,50.695,85.970,64.199,164.669
16/7/14,108.168,91.092,74.658,4.306,50.328,86.022,64.200,164.829
17/7/14,107.916,90.658,74.885,4.300,49.638,86.065,64.199,165.030
18/7/14,107.181,90.742,75.044,4.302,48.784,86.069,64.202,165.382
19/7/14,107.608,90.921,75.666,4.307,50.580,86.083,64.202,165.263
20/7/14,108.283,90.523,75.541,4.300,50.146,86.063,64.200,164.825
21/7/14,108.266,89.826,75.415,4.300,53.583,85.989,64.199,164.631
22/7/14,108.543,89.765,75.776,4.300,47.798,85.949,64.199,164.311
23/7/14,107.179,89.859,75.853,4.299,41.842,86.021,64.200,164.914
24/7/14,107.534,90.711,75.195,4.298,41.570,86.096,64.200,165.246
25/7/14,108.575,91.397,76.515,4.298,43.411,86.055,64.202,165.199
26/7/14,107.070,91.620,76.279,4.299,42.378,86.087,64.200,165.275
27/7/14,107.821,91.875,75.221,4.303,41.905,86.076,64.200,165.398
28/7/14,108.073,91.412,75.459,4.300,42.046,86.045,64.198,165.305
29/7/14,109.435,91.335,75.650,4.299,42.026,86.022,64.200,165.463
30/7/14,110.466,91.233,76.265,4.299,42.678,85.946,64.200,165.953
31/7/14,112.21,91.487,77.09,4.3,42.95,85.884,64.2,166.8
1/8/14,111.85,91.16,77.76,4.299,43.93,80.393,64.2,166.44
2/8/14,111,91.612,78.1,4.3,44.98,67.686,64.2,165.97
3/8/14,108.54,91.633,77.01,4.301,43.18,67.722,64.2,165.89
4/8/14,109.21,91.91,76.57,4.301,43.53,67.671,64.2,166.16
5/8/14,109.38,92.539,76.76,4.301,43.83,67.581,64.63,166.05
6/8/14,107.63,87.948,76.38,4.299,44.41,62.801,59.8,165.38
7/8/14,52.83,43.248,34.12,1.769,0.5,10.366,0.05,88.89
8/8/14,29.89,43.468,27.78,0.46,0,10.247,0,62.72
9/8/14,28.28,43.969,28.31,0.009,0,10.25,0,49.45
10/8/14,27.13,43.664,24.64,-0.008,0,10.243,0,42.11
11/8/14,25.32,43.501,25.46,0.506,0,10.215,0,41.92
12/8/14,52.22,39.887,47.36,1.973,12.08,10.201,0,86.22
13/8/14,90.24,46.72,78.58,4.3,31.05,10.187,0,164.03
14/8/14,90.14,53.988,78.21,4.296,31.93,36.513,30.76,164.1
15/8/14,108.72,79.768,76.67,4.301,46.91,67.162,64.26,165.26
16/8/14,107.96,82.528,76.46,4.299,45.16,70.343,67.5,165.46
17/8/14,107.83,83.788,76.52,4.298,44.76,70.304,67.48,165.12
18/8/14,107.27,84.533,76.69,4.3,44.95,69.855,67,164.79
19/8/14,108.74,85.542,76.67,4.3,45.78,69.888,67,164.97
20/8/14,109.32,85.959,76.69,4.3,46.75,69.923,67,165.11
21/8/14,110.36,86.751,76.95,4.3,45.98,69.947,67,164.63
22/8/14,111.8,87.087,77.25,4.299,45.49,69.886,67,164.8
23/8/14,114.08,86.945,76.66,4.3,45.08,69.865,67,165.42
24/8/14,114.21,86.547,76.42,4.3,45.64,69.851,67,165.45
25/8/14,113.76,86.645,76.55,4.301,44.94,69.818,67,165.37
26/8/14,115.38,86.32,76.52,4.298,45.64,69.808,67,165.68
27/8/14,114.56,85.378,76.16,4.298,45.26,69.834,67,165.77
28/8/14,114.49,84.797,76.01,4.3,45.94,69.841,67,166.09
29/8/14,114.27,85.605,76.31,4.3,47.25,69.846,67,165.95
30/8/14,113.99,85.279,76.27,4.299,46.53,69.836,67,166.15
31/8/14,113.66,84.786,75.91,4.299,46.14,69.854,67,166.34
1/9/14,113.87,84.834,75.91,4.298,46.15,69.828,67,166.76
2/9/14,114.28,84.707,75.8,4.3,45.84,69.817,67,166.96
3/9/14,113.19,84.641,75.63,4.299,45.59,69.857,67,166.94
4/9/14,115.13,85.603,75.91,4.301,47.49,69.806,67,166.65
5/9/14,116.72,86.527,75.91,4.299,47.42,69.784,67,166.72
6/9/14,117.37,86.779,75.97,4.299,46.32,69.745,67,166.55
7/9/14,117.38,86.894,75.62,4.3,45.3,69.773,67,166.65
8/9/14,117.56,86.796,75.6,4.301,45.46,69.796,67,166.8
9/9/14,117.91,86.522,75.28,4.301,44.92,69.784,67,167.1
10/9/14,118.92,86.679,75.16,4.3,45.62,69.783,67,167.35
11/9/14,118.27,86.473,75.39,4.302,46.83,69.812,67,167.37
12/9/14,118.55,86.598,75.37,4.301,48.71,69.798,67,167.12
13/9/14,119.27,87.077,75.52,4.3,48.98,69.771,67,167.27
14/9/14,119.05,87.454,75.19,4.299,49.05,69.743,67,166.96
15/9/14,117.8,87.191,75.06,4.3,48.61,69.762,67,167.06
16/9/14,117.82,86.646,74.24,4.299,47.13,69.799,67,167.42
17/9/14,117.49,86.626,74.08,4.301,46.74,69.812,67,167.77
18/9/14,117.45,85.452,73.88,4.3,44.91,69.821,67,167.71
19/9/14,117.61,85.783,74.13,4.298,45.8,68.552,65.96,168.12
20/9/14,117.39,87.512,74.54,4.3,46.42,67.994,65.5,167.86
21/9/14,116.6,87.681,74.21,4.301,48.09,68.039,65.5,167.93
22/9/14,116.2,87.843,74.19,4.299,46.53,68.015,65.5,167.78
23/9/14,115.89,87.901,74.08,4.3,46.84,68.224,66.77,167.3
24/9/14,114.06,87.4,74.08,4.301,48.01,68.116,67.5,165.92
25/9/14,115.41,87.645,73.99,4.3,47.74,68.109,67.5,165.5
26/9/14,114.69,87.489,73.88,4.301,48.99,68.17,67.5,164.18
27/9/14,114.72,87.558,73.85,4.3,49.13,68.176,67.5,164.14
28/9/14,115.53,88.061,74.14,4.3,48.59,68.122,67.5,164.71
29/9/14,115.99,88.704,74.42,4.3,48.35,68.095,67.5,165.38
30/9/14,116.38,88.988,73.93,4.302,49.33,68.065,67.5,165.49
1/10/14,116.36,89.353,73.75,4.299,48.85,68.09,67.5,165.87
2/10/14,116.55,89.579,73.76,4.3,48.34,68.106,67.5,165.58
3/10/14,116.08,89.862,73.46,4.3,48.88,68.125,67.5,165.44
4/10/14,116.05,90.563,73.6,4.299,48.42,68.122,67.5,165.37
5/10/14,116.65,91.167,73.49,4.299,47.4,68.142,67.5,165.56
6/10/14,117.33,91.703,73.6,4.298,47.48,68.145,67.5,166.08
7/10/14,117.34,91.557,73.66,4.3,47.68,68.183,67.5,166.47
8/10/14,116.85,91.42,73.33,4.299,46.81,68.211,67.5,166.76
9/10/14,117,91.645,73.28,4.3,46.78,68.193,67.5,166.79
10/10/14,117.33,91.343,73.54,4.299,46.33,68.151,67.5,166.99
11/10/14,116.77,90.701,73.39,4.298,45.05,68.167,67.5,167.23
12/10/14,116.81,90.508,73.41,4.3,45.2,68.168,67.5,167.42
13/10/14,116.76,90.629,73.42,4.303,45.47,68.15,67.5,167.39
14/10/14,116.09,90.408,73.38,4.299,45.31,68.228,67.5,167.48
15/10/14,116.32,87.737,73.51,4.299,45.57,68.25,67.5,167.69
16/10/14,116.04,87.743,73.62,4.3,47.72,68.217,67.5,167.81
17/10/14,115.92,87.953,74.1,4.301,49.02,68.23,67.5,167.76
18/10/14,116.21,88.778,74.06,4.299,49.49,68.241,67.5,167.79
19/10/14,116.35,89.559,74.29,4.302,48.57,68.22,67.5,167.87
20/10/14,115.12,89.714,74.62,4.3,47.51,68.212,67.5,167.28
21/10/14,114.38,89.403,74.93,4.3,48.24,68.204,67.5,166.53
22/10/14,115.43,89.96,74.33,4.243,49.53,68.177,67.5,166.47
23/10/14,115.58,90.574,74.6,4.14,50.77,68.189,67.5,165.83
24/10/14,115.54,90.995,74.7,4.101,51.77,68.187,67.5,165.32
25/10/14,115.6,90.895,75.13,4.1,51.94,68.185,67.5,165.1
26/10/14,115.63,91.992,75.19,4.099,51.17,68.171,67.5,165.15
27/10/14,115.66,95.804,75.22,4.102,51.4,68.189,67.5,164.94
28/10/14,114.86,91.642,74.6,4.1,47.6,64.196,63.38,164.4
29/10/14,114.16,88.718,74.6,4.1,45.92,61.551,60.72,163.65
30/10/14,114.81,90.401,74.55,4.1,46.82,63.416,62.67,163.66
31/10/14,111.46,91.329,75.61,4.102,50.18,65.181,64.46,163.18
1/11/14,110.52,91.949,75.59,4.099,51.64,65.18,64.5,163.03
2/11/14,110.31,92.116,75.25,4.099,51.59,65.201,64.5,163.37
3/11/14,112.08,92.743,75.04,4.101,52.18,65.219,64.5,163.88
4/11/14,114.38,93.748,75.04,4.15,52.79,65.267,64.5,164.53
5/11/14,115.9,94.051,75.66,4.2,52.69,65.279,64.5,164.96
6/11/14,116.24,93.749,75.93,4.2,52.89,65.249,64.5,164.76
7/11/14,115.28,89.956,75.65,4.2,54.38,62.093,61.2,164.36
8/11/14,115.13,87.994,75.99,4.2,54.8,59.968,59,164.28
9/11/14,115.77,89.136,76.2,4.198,53.97,59.909,59,164.6
10/11/14,115.97,89.128,75.94,4.199,53.98,60.605,58.39,164.32
11/11/14,115.6,90.608,75.77,4.2,54.68,62.262,58.99,163.83
12/11/14,113.1,90.404,75.72,4.201,53.21,62.837,59.5,163.75
13/11/14,112.25,90.009,75.37,4.2,52.2,63.131,59.75,164.02
14/11/14,116.19,90.924,75.52,4.2,53.6,63.329,60,163.98
15/11/14,116.48,90.526,75.22,4.199,54.86,63.298,60,163.37
16/11/14,117.48,90.853,75.23,4.199,54.75,63.255,60,163.62
17/11/14,117.25,89.94,75.76,4.201,54.58,63.226,60,163.55
18/11/14,117.74,89.481,75.79,4.199,54.24,63.177,60,164.3
19/11/14,119.39,90.157,76.03,4.201,55.25,63.156,60,164.46
20/11/14,120.3,90.244,75.58,4.2,54.59,63.155,60,164.56
21/11/14,120.51,89.965,75.62,4.2,54.38,63.095,60,164.79
22/11/14,120.13,90.018,75.43,4.2,54.82,63.074,60,164.82
23/11/14,120.03,90.239,75.37,4.199,55.5,63.134,60,164.84
24/11/14,120.02,90.49,75.33,4.2,55.77,63.064,60.27,164.94
25/11/14,119.95,91.868,75.16,4.2,55.35,63.581,61.04,164.79
26/11/14,120.69,95.728,74.19,4.201,55.1,66.191,63.73,164.18
27/11/14,121.42,95.88,74.23,4.199,54.46,66.418,64,164.25
28/11/14,120.88,94.604,74.78,4.201,52.29,66.493,64.05,163.82
29/11/14,122.6,94.114,75.14,4.199,55.06,66.835,64.48,163.92
30/11/14,122.51,94.226,75.2,4.2,55.94,66.871,64.5,163.9
1/12/14,120.8,93.941,75.12,4.2,54.89,66.892,64.5,164.09
2/12/14,120.67,93.557,75.08,4.238,55.54,66.961,64.5,164.44
3/12/14,120.91,93.988,75.49,4.3,54.05,67.038,64.5,165.18
4/12/14,121.26,93.624,75.53,4.3,53.7,67.088,64.5,165.37
5/12/14,118.12,91.788,74.96,4.219,44.38,66.449,63.91,161.89
6/12/14,119.12,90.558,75.5,4.3,41.14,64.74,62.52,164.99
7/12/14,118.85,90.736,75.47,4.3,47.61,64.897,62.66,164.58
8/12/14,121.11,91.219,75.2,4.3,48.21,64.791,62.64,165.53
9/12/14,122.01,90.482,74.87,4.3,42.49,64.83,62.7,166.17
10/12/14,123.12,89.922,74.77,4.3,41.95,64.811,62.7,166.78
11/12/14,121.84,86.188,74.76,4.3,36.43,62.43,60.35,167.61
12/12/14,24.87,42.753,12.43,2.148,10.62,11.014,0.76,104.71
13/12/14,4.66,42.025,0.61,1.035,0.01,10.423,0,70.61
14/12/14,2.1,42.075,0.84,0.695,6.35,10.445,0,54.76
15/12/14,3.13,39.576,3.29,0.586,7.65,10.495,0,55.33
16/12/14,38.86,47.023,35.72,2.286,15.59,10.435,0,105.03
17/12/14,87.24,53.92,75.3,4.3,47.13,26.021,16.83,167.09
18/12/14,77.25,69.99,74.62,4.3,42.29,65.981,59.82,166.09
19/12/14,77.23,80.379,74.67,4.3,39.69,74.269,68.3,166.18
20/12/14,79.67,80.618,74.23,4.3,41.26,74.308,68.3,166.08
21/12/14,81.79,80.999,74.33,4.299,42.16,74.37,68.3,166.23
22/12/14,83.51,81.388,74.16,4.3,43.24,74.351,68.3,165.85
23/12/14,85.84,81.771,74.31,4.3,44.64,74.293,68.3,165.69
24/12/14,90.91,82.133,74.31,4.298,46.41,74.198,68.3,165.96
25/12/14,95.49,81.873,74.17,4.3,47.62,74.303,68.3,166.17
26/12/14,96.93,81.784,74.04,4.301,47.26,74.326,68.3,166.45
27/12/14,98.45,82.455,74.29,4.3,47.81,74.333,68.3,166.38
28/12/14,98.6,82.452,74.13,4.3,47.15,74.3,68.3,166.35
29/12/14,99.25,82.555,74.24,4.3,47.87,74.256,68.3,166.04
30/12/14,100.96,82.737,74.62,4.3,49.17,74.2,68.3,165.85
31/12/14,102.96,82.805,76.22,4.3,50.38,74.245,68.3,165.75
1/1/15,104.4,81.996,76.17,4.299,49.4,74.335,68.3,166.45
2/1/15,106.94,79.574,75.21,4.3,48.39,74.362,68.3,167.34
3/1/15,108.45,81.525,75.21,4.3,50.59,74.358,68.3,166.71
4/1/15,110.03,82.536,75.78,4.303,50.56,74.208,68.3,166.83
5/1/15,109.83,82.526,76.26,4.302,49.62,74.173,68.3,166.81
6/1/15,109.64,82.578,75.58,4.299,48.96,74.252,68.3,166.93
7/1/15,110.4,81.997,74.84,4.3,46.96,74.304,68.3,167.11
8/1/15,112.96,82.496,74.74,4.3,49.97,74.282,68.3,167.5
9/1/15,114.25,82.656,74.5,4.3,53.31,74.211,68.3,167.33
10/1/15,114.5,83.397,74.35,4.299,51.37,74.21,68.3,167.24
11/1/15,114.81,88.447,74.33,4.3,49.46,74.18,68.3,166.96
12/1/15,114.51,87.647,74.6,4.3,49.29,74.246,68.3,166.99
13/1/15,115.21,89.794,74.45,4.3,49.18,74.233,68.3,167.25
14/1/15,116.55,92.227,74.35,4.299,49.84,74.185,68.3,167.27
15/1/15,117.14,91.957,74.26,4.3,50.08,74.18,68.3,167.23
16/1/15,116.65,91.343,74.27,4.299,49.54,74.225,68.3,167.28
17/1/15,116.07,90.788,74.38,4.299,49.5,74.283,68.3,167.31
18/1/15,115.79,90.86,74.22,4.3,49.5,74.279,68.3,166.97
19/1/15,116.16,91.033,73.94,4.299,50.29,74.212,68.3,166.99
20/1/15,116.69,91.142,74.04,4.299,51.33,74.235,68.3,167.1
21/1/15,117.05,91.404,74.09,4.3,51.6,74.198,68.3,167.17
22/1/15,117.3,91.523,74.12,4.3,51.52,74.169,68.3,167.48
23/1/15,117.68,91.52,73.99,4.301,51.75,74.228,68.3,167.62
24/1/15,118.03,91.475,73.87,4.299,52.07,74.195,68.3,167.37
25/1/15,117.66,91.177,74.22,4.301,52.77,74.22,68.3,167.18
26/1/15,117.87,91.045,74.09,4.301,53.35,74.147,68.3,167.08
27/1/15,117,91.1,74.62,4.3,52.1,74.232,67.59,167.03
28/1/15,116.59,91.487,74.72,4.299,51.4,74.243,66.3,167.06
29/1/15,116.63,92.03,74.65,4.301,51.51,74.227,66.3,167.01
30/1/15,116.87,92.408,74.64,4.298,51.87,74.249,66.3,166.93
31/1/15,116.26,92.292,74.64,4.299,51.78,74.331,66.3,167
1/2/15,116.31,91.941,74.38,4.3,51.76,74.348,66.3,167.25
2/2/15,116.75,91.674,74.17,4.3,51.1,74.329,66.3,167.64
3/2/15,116.83,91.22,74.13,4.3,50.61,74.391,66.61,167.77
4/2/15,117.55,89.634,74,4.3,48.87,74.49,67.09,167.5
5/2/15,117.18,89.292,74.17,4.301,48.31,74.484,67.3,167.98
6/2/15,117.07,89.091,74.09,4.299,47.71,74.487,67.3,168.14
7/2/15,117.37,89.193,74.13,4.299,48.41,74.484,67.3,167.86
8/2/15,115.47,79.566,74.53,4.3,48.9,74.587,67.3,167.48
9/2/15,115.68,82.799,74.19,4.3,49.6,74.547,67.3,167.22
10/2/15,116.68,83.668,73.74,4.299,50.88,74.402,67.3,166.9
11/2/15,117.07,86.259,73.65,4.299,52.44,74.364,67.3,166.63
12/2/15,116.31,88.013,74.04,4.299,54.01,74.35,67.29,166.58
13/2/15,116.1,88.302,74.01,4.299,54.61,74.307,67.3,166.69
14/2/15,116.09,88.598,73.96,4.3,54.91,74.309,67.3,166.51
15/2/15,116.61,89.348,73.8,4.3,55.49,74.208,67.3,166.4
16/2/15,116.54,89.7,73.86,4.3,55.88,74.283,67.3,166.26
17/2/15,116.46,89.419,73.9,4.3,56.33,74.302,67.3,166.21
18/2/15,116.57,88.848,73.98,4.3,56.66,74.308,67.3,166.16
19/2/15,116.83,88.566,73.82,4.3,57.75,74.306,67.3,166.19
20/2/15,117.43,88.65,73.71,4.299,57.18,74.268,67.3,166.05
21/2/15,117.36,88.699,73.76,4.301,57.36,74.241,67.3,165.89
22/2/15,116.93,88.379,73.57,4.3,56.74,74.294,67.3,165.88
23/2/15,116.94,87.888,73.58,4.3,56.65,74.305,67.3,165.99
24/2/15,117.25,88.398,73.62,4.299,56.67,74.31,67.3,166.04
25/2/15,117.38,88.352,73.72,4.3,56.99,74.267,67.3,165.93
26/2/15,116.66,88.331,73.97,4.3,56.57,74.315,67.3,166.16
27/2/15,116.13,87.826,74.26,4.3,57.62,74.352,67.3,166.02
28/2/15,116.91,88.043,73.99,4.302,58.35,74.317,67.3,166.34
1/3/15,117.44,87.671,73.79,4.299,58.45,74.305,67.3,166.36
2/3/15,117.11,87.108,73.74,4.299,57.6,74.144,67.12,166.36
3/3/15,116.49,87.706,73.8,4.3,56.81,74.024,67,166.44
4/3/15,116.06,88.145,74.2,4.3,56.64,73.799,66.69,166.68
5/3/15,116.29,88.361,74.21,4.3,56.97,73.589,66.5,166.8
6/3/15,116.32,88.411,74.06,4.3,57.49,73.511,66.4,166.77
7/3/15,116.81,88.519,73.95,4.301,57.11,73.321,66.2,166.76
8/3/15,117.58,88.918,73.91,4.301,57.69,73.258,66.2,166.86
9/3/15,116.46,88.951,74.05,4.3,56.34,73.303,66.2,166.86
10/3/15,114.8,88.547,74.39,4.301,54.64,73.373,66.2,166.87
11/3/15,115.21,89.287,74.19,4.3,55.6,73.171,66.09,166.62
12/3/15,115.47,89.31,74.1,4.301,56.62,72.892,65.37,166.22
13/3/15,116.23,89.476,74.09,4.3,58.08,72.452,64.73,165.95
14/3/15,116.07,89.478,74.33,4.299,58.56,72.242,64.5,165.66
15/3/15,116.3,89.209,74.05,4.302,58.2,72.247,64.5,165.37
16/3/15,116.97,89.193,74.05,4.299,57.81,72.17,64.5,165.22
17/3/15,117.65,88.763,73.74,4.301,56.81,72.151,64.5,165.27
18/3/15,117.22,88.85,73.66,4.301,54.91,71.957,64.31,165.25
19/3/15,117.89,90.834,73.6,4.3,55.95,71.812,64.2,165.33
20/3/15,117.72,94.418,74.07,4.3,57.12,71.712,64.15,165
21/3/15,117.26,95.148,74.42,4.3,58.55,71.261,63.7,164.84
22/3/15,116.36,95.31,74.1,4.3,58.87,71.24,63.7,164.74
23/3/15,115.61,95.792,74.14,4.299,59.56,71.247,63.7,164.28
24/3/15,115.8,95.736,74.38,4.3,58.78,70.737,63.16,164.39
25/3/15,115.95,95.952,74.85,4.301,60.03,69.774,62.12,163.94
26/3/15,117.32,97.815,75.95,4.3,60.13,67.459,59.74,163.67
27/3/15,118.29,95.875,75.9,4.301,60.82,66.429,58.62,163.9
28/3/15,118.63,95.946,76.21,4.301,60.99,65.785,57.96,163.71
29/3/15,118.15,92.32,75.78,4.299,57.94,62.266,54.57,163.42
30/3/15,49.93,42.897,32.67,1.771,4.29,10.383,0,88.48
31/3/15,19.32,42.714,13.42,1.742,22.95,10.36,0,74.97
1/4/15,15.79,42.893,14.36,1.392,3.98,10.337,0,64.44
2/4/15,15.44,43.317,16.29,1.234,6.51,10.306,0,54.91
3/4/15,64.15,49.857,46.58,2.824,19.93,10.316,0,111.34
4/4/15,101.42,54.955,78.27,4.3,35.11,17.863,8.02,163.33
5/4/15,109.81,69.31,76.99,4.3,47.94,60.268,53.63,165.73
6/4/15,116.12,89.223,75.89,4.298,50.35,71.016,64.67,165.64
7/4/15,117,90.557,75.65,4.299,50.33,71.429,65,166.14
8/4/15,117.92,90.819,75.39,4.299,50.14,70.965,65,166.36
9/4/15,118.4,90.527,74.93,4.3,50.06,70.998,65,166.62
10/4/15,118.79,89.629,74.48,4.3,49.92,70.995,65,166.69
11/4/15,119.29,89.119,74.2,4.299,49.73,70.993,65,166.94
12/4/15,120.06,88.641,74.4,4.3,49.36,70.974,65,167.06
13/4/15,119.33,89.125,73.82,4.299,48.36,71.003,65,167.23
14/4/15,118.19,89.589,74.35,4.3,49.53,71.497,65.46,166.47
15/4/15,119.29,90.673,74.13,4.301,49.84,72.138,64.94,166.62
16/4/15,118.86,92.185,74.19,4.3,51.48,72.75,65,165.81
17/4/15,118.84,88.643,73.64,4.301,51.86,72.708,65,164.94
18/4/15,119.61,88.638,74.14,4.299,51.24,72.637,65,165.13
19/4/15,117.91,90.036,75.33,4.301,49.96,72.731,65,164.45
20/4/15,115.96,87.1,75.46,4.301,48.57,72.284,65,163.69
21/4/15,117.87,87.378,74.4,4.301,50.24,72.425,65.76,164.54
22/4/15,117.7,86.82,74.17,4.302,51.79,72.88,67,164.02
23/4/15,117.81,89.012,74.62,4.301,52.14,72.888,67,164.4
24/4/15,117.69,88.618,74.36,4.3,53.35,72.869,67,163.98
25/4/15,118.16,88.565,74.69,4.3,53.64,72.881,67,163.93
26/4/15,118.54,88.657,76.13,4.3,53.67,72.796,67,163.83
27/4/15,119.16,87.963,76.86,4.3,53.8,72.776,67,163.91
28/4/15,119.52,89.683,76.58,4.301,54.05,72.792,67,164.25
29/4/15,118.57,89.582,77.38,4.302,51.76,72.871,67,164.73
30/4/15,119.75,90.606,76.8,4.301,52.77,72.865,67,165.04
1/5/15,120.53,90.258,76.93,4.3,50.88,72.952,67,165.85
2/5/15,120.55,90.341,76.95,4.301,50.57,72.957,67,166.18
3/5/15,120.22,90.513,77.55,4.299,49.88,72.967,67,166.56
4/5/15,119.57,90.674,77.27,4.301,49.46,73.058,67,166.71
5/5/15,120.12,90.658,76.88,4.3,48.87,73.074,67,167.29
6/5/15,120.38,90.336,76.59,4.301,47.91,73.04,67,167.71
7/5/15,120.77,90.278,76.3,4.301,46.81,73.031,67,167.95
8/5/15,120.4,89.9,75.45,4.301,50.11,72.987,67,167.63
9/5/15,120.81,89.882,74.79,4.3,55.22,72.935,67,167.39
10/5/15,120.67,90.293,74.71,4.3,54.53,72.894,67,167.62
11/5/15,120.54,90.62,75.08,4.299,52.91,72.896,67,167.49
12/5/15,119.41,90.599,75.21,4.297,50.38,72.984,67,167.34
13/5/15,119.55,90.584,75.19,4.299,49.86,72.901,67,167.17
14/5/15,120.05,90.159,75.66,4.3,48.89,72.87,67,167.01
15/5/15,120.66,89.95,75.42,4.3,48.22,72.944,67,167.2
16/5/15,120.28,91.202,75.25,4.3,49.36,72.953,67,166.32
17/5/15,120.15,93.901,75.49,4.299,52.11,72.899,67,165.2
18/5/15,120.18,94.485,76.01,4.3,53.18,72.839,67,164.28
19/5/15,119.29,94.139,76.56,4.3,51.87,72.833,67,163.88
20/5/15,119.28,94.125,76.37,4.301,51.98,72.844,67,163.65
21/5/15,119.48,93.984,76.31,4.301,51.72,72.015,66.2,163.1
22/5/15,116.21,91.024,76.89,4.3,48.07,71.755,65.91,163.6
23/5/15,114.78,90.939,76.98,4.299,47.25,72.787,67,163.81
24/5/15,115.32,90.813,77.15,4.301,47.08,72.807,67,163.87
25/5/15,115.47,90.839,77.31,4.3,46.71,72.87,67,164.05
26/5/15,115.85,90.874,77.22,4.299,47.41,72.93,67,164.33
27/5/15,117.91,91.592,76.58,4.3,49.74,72.876,67,164.6
28/5/15,120.34,92.414,76.04,4.3,50.7,72.88,67,164.92
29/5/15,119.74,91.263,76.53,4.303,50.04,72.92,67,164.48
30/5/15,118.92,90.472,77.08,4.301,48.74,73.013,67,164.81
31/5/15,120.02,91.683,76.71,4.3,49.71,73.004,67,165.1
1/6/15,120.88,92.706,76.42,4.3,50.99,72.964,67,165.29
2/6/15,120.79,93.485,76.68,4.3,50.71,72.946,67,165.13
3/6/15,120.17,93.332,76.41,4.302,50.89,72.944,67,164.91
4/6/15,121.23,93.634,76.09,4.302,51.51,72.932,67,164.72
5/6/15,121.26,93.238,76.24,4.299,51.24,72.944,67,164.6
6/6/15,117.79,91.339,76.61,4.302,49.92,72.907,67,164.51
7/6/15,117.29,90.29,76.95,4.3,50.48,72.895,67,164.71
8/6/15,116.6,89.67,77.18,4.301,51.4,72.867,67,164.29
9/6/15,115.9,90.303,77.52,4.3,51.6,72.86,67,163.99
10/6/15,118.17,92.132,77.06,4.299,54.08,72.783,67,163.86
11/6/15,117.93,92.61,77.7,4.3,55.83,72.775,67,163
12/6/15,117.17,91.469,78.29,4.3,56.56,72.801,67,162.19
13/6/15,117.98,90.941,78,4.3,56.68,72.791,67,162.33
14/6/15,117.09,90.168,77.92,4.299,57.43,72.85,67,162.18
15/6/15,116.96,90.616,77.7,4.302,58.45,72.834,67,161.64
16/6/15,116.02,89.959,78.12,4.302,58.12,72.855,67,161.43
17/6/15,115.78,89.481,78.16,4.302,58.8,72.807,67,161.55
18/6/15,115.79,89.28,78.44,4.3,59.53,72.729,67,161.54
19/6/15,116.14,88.899,78.52,4.3,59.25,72.76,67,162.06
20/6/15,118.62,90.638,78.45,4.301,59.48,72.878,67,162.8
21/6/15,116.59,90.277,78.14,4.3,58.84,72.924,67,162.61
22/6/15,115.19,89.113,78.63,4.299,58.91,72.958,67,162.24
23/6/15,114.65,88.793,79.01,4.299,59.36,73.049,67,162.24
24/6/15,115.16,88.274,79.03,4.3,60.04,72.986,67,162.72
25/6/15,115.15,87.832,79.58,4.3,59.27,72.859,67,162.84
26/6/15,113.38,85.258,79.65,4.3,58.2,70.699,64.73,162.72
27/6/15,116.01,79.91,79.43,4.3,47.6,64.907,58.79,163.47
28/6/15,117.4,77.636,79.34,4.3,40.82,62.341,56.07,164.01
29/6/15,118.87,75.623,79.18,4.299,40.46,59.774,53.37,164.49
30/6/15,119.39,74.156,79.05,4.301,39.69,58.706,52.22,164.98
1/7/15,118.64,73.416,78.81,4.3,38.78,58.504,52,165.59
2/7/15,119.1,73.607,79,4.299,38.99,58.742,52.3,165.67
3/7/15,119.82,73.979,78.66,4.301,39.47,59.218,52.78,166.04
4/7/15,119.45,74.28,78.31,4.3,39.68,59.795,53.37,165.85
5/7/15,119.58,74.255,78.59,4.299,39.94,59.657,53.28,165.86
6/7/15,119.61,74.291,78.65,4.3,39.58,59.588,53.26,166.17
7/7/15,119.81,73.353,78.68,4.299,39.9,59.052,52.73,165.97
8/7/15,113.98,64.274,75.24,4.141,33.52,48.831,41.63,156.24
9/7/15,42.34,32.688,28.05,2.298,1.06,10.49,0,101.3
10/7/15,29.19,32.796,30.35,1.711,0.08,10.51,0,89.6
11/7/15,28.05,32.577,30.1,1.477,11.28,10.505,0,79.58
12/7/15,26.18,32.099,24.56,1.197,6.31,10.526,0,70.3
13/7/15,23.58,31.673,22.96,1.092,10.24,10.514,0,57.98
14/7/15,97.35,62.927,78.25,4.277,45.39,15.242,0,162.58
15/7/15,95.2,59.328,80.61,4.297,51.32,51.342,23.89,164.89
16/7/15,112.27,82.803,79.66,4.3,54.69,71.929,61.42,165.04
17/7/15,117.37,88.85,78.63,4.301,53.71,75.477,67,165.74
18/7/15,118.12,88.311,78.84,4.302,53.49,75.488,67,165.73
19/7/15,115.7,86.785,79.33,4.299,52.56,75.459,67,165.2
20/7/15,116.59,86.495,79.41,4.3,52.64,75.406,67,165.17
21/7/15,115.96,86.881,79.27,4.3,51.89,75.394,67,165.38
22/7/15,118.02,86.342,78.91,4.301,50.54,75.313,67,166.55
23/7/15,118.66,85.445,78.77,4.301,50.82,75.343,67,166.79
24/7/15,118.34,85.127,78.92,4.299,49.75,75.381,67,167.38
25/7/15,117.49,85.364,78.63,4.298,47.54,75.36,67,167.54
26/7/15,117.68,85.648,78.26,4.3,47.7,75.31,67,167.19
27/7/15,118.12,85.423,78.7,4.301,46.7,75.333,67,167.52
28/7/15,117.95,85.498,79.1,4.3,47.36,75.298,67,167.2
29/7/15,117.27,85.869,79.39,4.3,47.08,75.287,67,166.95
30/7/15,117.63,86.029,79.47,4.301,47.14,75.255,67,166.69
31/7/15,117.86,86.215,79.48,4.3,47.78,75.133,65.71,166.7
1/8/15,118.36,86.708,79.72,4.3,47.57,75.045,65,166.63
2/8/15,119.73,85.438,79.79,4.301,46.82,75.1,65,167.48
3/8/15,119.03,83.872,79.58,4.299,46.34,75.109,65,167.47
4/8/15,119.54,83.357,79.45,4.3,46.03,75.133,65,167.73
5/8/15,120.2,83.445,79.54,4.301,47.67,75.124,65,167.61
6/8/15,120.28,84.673,79.48,4.3,49.26,75.108,65,167.24
7/8/15,120.39,85.131,79.47,4.299,48.01,75.031,65.64,167.5
8/8/15,120.13,85.245,79.46,4.3,47.7,75.004,66,167.49
9/8/15,119.74,85.577,79.25,4.3,47.79,75.021,66,167.54
10/8/15,119.94,85.609,79.12,4.301,47.91,75.058,66,167.64
11/8/15,120.34,85.576,79.26,4.3,48.36,75.082,66,167.71
12/8/15,120.06,85.267,79.05,4.3,47.21,75.048,66,167.55
13/8/15,120.33,85.232,79.14,4.299,47.49,75.057,66,167.61
14/8/15,120.67,85.458,79.23,4.3,47.32,75.02,66,167.4
15/8/15,120.67,85.587,79.35,4.301,47.22,74.997,66,167.23
16/8/15,119.91,85.573,79.32,4.3,47.2,75.03,66,167.17
17/8/15,119.93,86.069,79.04,4.301,48.22,75.011,66,166.95
18/8/15,120.3,85.89,79.28,4.3,49.06,74.788,65.79,166.8
19/8/15,120.28,85.62,79.31,4.3,49.67,74.515,65.5,166.51
20/8/15,120.4,85.475,79.23,4.299,49.77,74.541,65.5,166.47
21/8/15,120.43,86.049,79.25,4.3,50.59,74.551,65.5,166.25
22/8/15,120.35,86.693,79.38,4.3,51.52,74.54,65.5,165.97
23/8/15,119.92,86.933,79.34,4.3,51.73,74.507,65.5,165.61
24/8/15,119.87,85.942,79.7,4.3,52.13,73.751,64.91,165.31
25/8/15,118.41,82.965,79.84,4.301,49.81,71.462,62.64,165.01
26/8/15,117.75,79.494,79.52,4.302,48.5,68.856,59.95,165.15
27/8/15,117.62,75.321,79.57,4.301,48.67,65.542,56.54,164.9
28/8/15,116.15,72.632,79.73,4.301,48.98,63.132,54,164.58
29/8/15,116.38,72.986,79.71,4.3,48.56,63.071,54,164.8
30/8/15,116.71,71.836,79.76,4.301,46.05,63.104,54,166.31
31/8/15,117.32,72.238,79.7,4.301,44,64.458,55.39,167.1
1/9/15,117.9,75.762,79.14,4.299,45.72,68.106,59.15,165.95
2/9/15,119.23,79.511,78.79,4.299,47.53,71.928,63.06,165.04
3/9/15,118.96,82.462,78.61,4.301,46.33,74.025,65.21,165.45
4/9/15,119.27,85.821,78.6,4.301,45.74,75.418,66.68,165.97
5/9/15,119.19,88.981,78.64,4.3,43.95,75.786,67,166.92
6/9/15,118.82,88.454,78.33,4.301,45.18,75.814,67,166.85
7/9/15,118.21,88.388,78.38,4.303,47,75.781,67,166.27
8/9/15,118.37,88.783,78.4,4.301,46.95,75.769,67,166.02
9/9/15,117.64,89.79,78.14,4.301,47.54,75.711,67,165.92
10/9/15,118.4,90.482,78.04,4.301,48.12,75.689,67,166.31
11/9/15,118.09,90.556,78.69,4.302,47.82,75.74,67,166.19
12/9/15,117.32,90.379,78.24,4.302,48.52,75.761,67,166.27
13/9/15,117.6,90.886,78.33,4.3,49.72,75.772,67,166.26
14/9/15,118.35,91.297,78.63,4.3,49.9,75.781,67,166.17
15/9/15,119.34,91.08,78.26,4.3,49.52,75.76,67,166.33
16/9/15,119.09,90.613,78.21,4.3,49.33,75.792,67,166.11
17/9/15,119,90.554,78.45,4.301,49.69,75.76,67,165.81
18/9/15,119.4,90.966,78.46,4.303,49.96,75.769,67,165.85
19/9/15,119.97,90.781,78.87,4.301,50.71,75.725,67,165.58
20/9/15,120.22,90.752,79,4.301,51.53,75.743,67,165.31
21/9/15,120.62,90.817,78.96,4.302,52.33,75.103,66.35,165.17
22/9/15,119.66,88.765,79.03,4.302,52.22,73.231,64.4,165.16
23/9/15,118.06,87.51,79,4.3,51.02,72.102,63.2,165.17
24/9/15,118.45,88.711,78.84,4.3,51.21,71.835,62.6,165.48
25/9/15,119.12,88.66,78.95,4.3,52.08,71.729,62.2,165.53
26/9/15,117.74,86.79,79.02,4.3,51.69,71.626,62.2,165.09
27/9/15,117.07,86.244,78.73,4.3,51.37,71.217,62.2,165.26
28/9/15,116.97,86.409,79.16,4.299,51.1,71.204,62.2,165.13
29/9/15,116.49,86.088,79.29,4.301,49.95,71.184,62.2,165.24
30/9/15,117.75,85.826,79.29,4.3,50.58,71.215,62.2,165.39
1/10/15,115.64,86.128,79.45,4.3,49.58,71.229,62.2,165.03
2/10/15,115,83.561,78.77,4.3,49.46,69.209,60.08,165.25
3/10/15,115.66,81.825,79.34,4.299,50.29,67.67,58.5,164.86
4/10/15,115.52,80.151,78.58,4.299,48.95,66.296,57.33,165.39
5/10/15,117.59,79.314,78.45,4.299,50.01,64.724,55.74,165.71
6/10/15,117.96,75.421,78.74,4.3,51.14,61.379,52.15,165.35
7/10/15,115.74,69.504,79.62,4.3,49.26,55.944,45.89,165.19
8/10/15,41.15,36.13,41.55,2.111,8.3,10.153,0.13,82.58
9/10/15,24.38,38.544,25.23,0.971,6.69,6.762,1.05,63.08
10/10/15,65.75,36.299,23.14,0.03,0,6.858,9.55,92.35
11/10/15,15.53,35.653,14.63,0.027,0,7.355,0,23.57
12/10/15,16.66,35.532,17.26,0.029,0,7.844,0,17.49
13/10/15,18.31,35.861,19.19,0.035,0,7.642,7.14,18.45
14/10/15,19.55,36.171,20.8,0.038,0,7.566,12.65,20
15/10/15,18.53,37.026,20.23,0.033,0,7.577,12.94,19.3
16/10/15,18.71,37.002,19.23,0.034,0,7.725,13.06,19.07
17/10/15,18.62,37.141,20.83,0.035,0,6.681,13.32,18.97
18/10/15,17.98,37.47,20.4,0.034,0,4.942,13.7,18.3
19/10/15,18.96,37.867,19.83,0.034,0,7.198,13.83,19.25
20/10/15,18.09,37.912,18.84,0.031,0,5.459,14.17,18.99
21/10/15,18.34,37.552,20.91,0.034,0,7.515,14.23,19.1
22/10/15,,,,,,,,
23/10/15,,,,,,,,
24/10/15,,,,,,,,
25/10/15,,,,,,,,
26/10/15,17.43,38.066,18.48,2.099,0,8.503,15.44,18.6
27/10/15,15.36,38.827,15.14,1.995,0,7.721,16.83,17.12
28/10/15,14.97,39.067,15.43,1.091,0,8.761,17.55,16.08
29/10/15,13.11,51.929,13.72,0.978,0,7.993,18.37,14.88
30/10/15,11.83,83.183,11.38,1.033,0,8.888,22.18,13.74
31/10/15,11.14,102.297,10.86,0.856,0,9.289,25.01,12.77
1/11/15,10.42,103.004,10.84,0.853,0,8.695,27.27,12.01
2/11/15,13.99,69.048,15.05,0.881,0,9.246,34.64,13.39
3/11/15,80.39,45.742,65.23,3.255,37.67,30.552,32.56,126.96
4/11/15,104.76,71.155,76.26,4.3,54.05,57.739,52.51,165.75
5/11/15,105.95,86.752,75.05,4.301,58.21,69.634,65.87,163.93
6/11/15,107.53,88.245,75.17,4.301,55.62,69.924,66.5,164.07
7/11/15,105.21,87.656,74.85,4.3,52.12,69.979,66.5,163.6
8/11/15,108.54,89.996,75.2,4.298,56.7,69.937,66.5,164.13
9/11/15,106.8,88.187,75.23,4.299,52.2,69.865,66.5,166.85
10/11/15,108.54,86.056,74.81,4.303,54.36,69.947,66.5,166.74
11/11/15,109.01,86.316,74.69,4.297,55.37,70.08,66.5,166.98
12/11/15,109.22,88.509,74.75,4.303,57.5,70.026,66.5,166.11
13/11/15,110.13,88.144,75.09,4.299,56.34,70.108,66.5,166.7
14/11/15,110.4,87.664,74.97,4.299,58.53,70.109,66.5,166.3
15/11/15,110.31,88.53,75.04,4.301,59.01,70.199,66.5,166.34
16/11/15,110.52,88.858,75.2,4.3,58.74,70.307,66.5,166.46
17/11/15,110.56,89.507,75.12,4.3,59.24,70.299,66.5,166.37
18/11/15,110.02,89.672,75.19,4.299,60.04,70.347,66.5,165.94
19/11/15,110.14,90.438,75.45,4.299,61.18,70.389,66.5,166.21
20/11/15,110.89,91.023,75.58,4.3,60.84,70.375,66.5,166.73
21/11/15,110.6,89.808,75.22,4.3,59.96,70.342,66.5,166.86
22/11/15,111.16,89.335,75.14,4.3,59.22,70.324,66.5,167.44
23/11/15,110.23,88.322,74.88,4.299,58.02,70.382,66.5,167.35
24/11/15,109.86,88.161,74.83,4.3,58.49,70.424,66.5,167.19
25/11/15,109.63,88.096,74.78,4.299,58.92,70.492,66.5,167.38
26/11/15,108.1,87.127,74.18,4.299,58.51,70.553,66.5,167.31
27/11/15,108.96,86.96,74.38,4.3,60.3,70.545,66.5,166.92
28/11/15,110.03,87.018,74.51,4.301,59.08,70.555,66.5,167.52
29/11/15,111.06,87.016,74.46,4.301,59.3,70.475,66.5,167.79
30/11/15,110.57,86.315,73.83,4.3,58.04,70.409,66.5,168.2
1/12/15,110.61,84.595,73.41,4.3,58.68,70.495,66.5,168.58
2/12/15,111.23,84.833,73.57,4.299,60.42,70.417,66.5,167.91
3/12/15,109.56,85.514,73.22,4.3,62.53,70.523,66.5,166.65
4/12/15,110.55,85.782,73.84,4.3,62.71,68.887,64.95,167.13
5/12/15,110.35,82.69,74.43,4.3,62.57,64.895,60.87,166.88
6/12/15,109.01,78.441,73.95,4.3,62.52,62.537,58.28,165.97
7/12/15,110.18,80.361,73.73,4.299,61.88,64.567,60.4,166.6
8/12/15,108.82,79.533,73.01,4.298,60.86,65.274,61.1,166.62
9/12/15,109.5,81.866,74.07,4.299,61.38,67.115,62.88,166.54
10/12/15,109.34,84.268,74.15,4.3,61.65,69.688,65.54,166.77
11/12/15,109.84,85.842,73.13,4.299,63.08,70.897,66.78,166.36
12/12/15,110.14,87.355,73.37,4.3,62.65,71.21,67,166.19
13/12/15,107.24,84.975,73.53,4.3,58.41,71.163,67,166.79
14/12/15,108.11,85.836,73.67,4.3,58.34,71.215,67,166.85
15/12/15,108.89,88.101,74.4,4.3,59.61,71.186,67,166.63
16/12/15,108.81,89.876,73.57,4.3,60.8,70.921,66.67,166.69
17/12/15,107.92,90.906,74.1,4.299,61.77,70.788,66.5,166.85
18/12/15,107.42,90.115,74.72,4.3,60.39,70.848,66.5,166.4
19/12/15,106.8,88.772,75.26,4.299,60.48,70.93,66.5,166.31
20/12/15,106.65,85.469,74.58,4.301,57.78,70.931,66.5,166.18
21/12/15,107.72,86.365,75.25,4.298,57.97,71.199,66.83,166.97
22/12/15,108.86,86.978,74.28,4.297,57.55,71.893,67.48,167.41
23/12/15,109.42,87.833,74.42,4.3,56.58,72.396,68,167.24
24/12/15,110.21,88.976,74.04,4.3,57.33,72.317,68,167.12
25/12/15,112.1,89.912,73.67,4.3,58.46,72.329,68,167.53
26/12/15,111.62,90.168,74.37,4.299,57.07,72.422,68,167.99
27/12/15,110.8,87.949,73.27,4.299,56.37,72.494,68,168.21
28/12/15,111.12,88.557,73.57,4.3,57.27,72.48,68,168.25
29/12/15,112.39,88.8,73.24,4.3,57.29,72.517,68,168.27
30/12/15,113.75,88.993,73.7,4.3,59.59,72.502,68,167.59
31/12/15,113.68,89.289,74.39,4.3,59.63,72.447,68,167.81
1/1/16,114.41,89.313,73.35,4.3,58.95,72.509,68,168.15
2/1/16,114.65,89.521,73.5,4.3,57.75,72.649,68,167.99
3/1/16,114.58,89.612,73.77,4.3,57.55,72.513,68,168.05
4/1/16,111.37,89.53,73.27,4.3,56.74,72.765,68.32,167.48
5/1/16,108.71,88.43,72.86,4.3,57.93,72.955,68.5,166.45
6/1/16,109.12,87.921,73.37,4.302,60.53,73.041,68.5,166.18
7/1/16,107.82,87.743,72.9,4.3,60.02,72.984,68.5,166.33
8/1/16,107.58,87.686,73.2,4.3,58.52,72.996,68.5,166.65
9/1/16,108.02,87.675,73.4,4.3,57.25,73.004,68.5,167.39
10/1/16,107.6,87.168,73.85,4.299,56.88,73.019,68.5,167.67
11/1/16,107.09,87.134,73.17,4.302,56.91,72.971,68.5,167.9
12/1/16,107.04,87.257,73.06,4.299,57.55,72.992,68.5,167.67
13/1/16,106.99,87.758,73.05,4.298,57.48,73.034,68.5,167.47
14/1/16,107.38,88.021,72.84,4.3,58.4,72.765,68.21,167.24
15/1/16,107.77,87.47,73.38,4.301,59.52,72.678,68,166.5
16/1/16,108.73,87.695,72.85,4.299,61.11,72.595,68,166.19
17/1/16,109.66,88.615,72.9,4.299,62.4,72.512,68,166
18/1/16,106.97,86.401,72.46,4.299,59.87,71.857,67.42,165.7
19/1/16,104.38,75.872,72.54,4.3,58.75,70.938,66.42,165.24
20/1/16,105.12,84.35,72.38,4.3,60.15,70.236,65.73,165.07
21/1/16,107.07,85.248,73.02,4.3,61.47,69.243,64.72,164.94
22/1/16,105.91,82.274,72.77,4.3,60.27,66.141,61.49,165.08
23/1/16,104.16,79.531,72.3,4.299,59.13,63.64,58.89,164.81
24/1/16,103.3,78.114,72.73,4.3,59.55,62.477,57.62,164.41
25/1/16,105.33,78.668,72.95,4.302,60.74,62.692,57.87,164.15
26/1/16,105.58,81.44,73.74,4.301,58.75,65.067,60.18,165.34
27/1/16,104.49,82.16,73.08,4.3,59.34,67.753,63.01,166.28
28/1/16,105.11,83.71,73.41,4.301,60.77,68.867,64,166.37
29/1/16,106.07,84.66,72.9,4.3,57.95,69.168,64.26,165.95
30/1/16,105.18,84.635,71.84,4.301,76.98,69.892,65.07,165.64
31/1/16,102.44,85.187,73.08,4.301,80.39,70.897,66.15,166.29
1/2/16,104.33,86.201,74.01,4.3,59.19,71.67,66.91,167.22
2/2/16,105.99,87.779,73.88,4.3,45.08,72.271,67.5,167.32
3/2/16,106.72,87.763,73.81,4.301,49.08,72.394,67.5,167.34
4/2/16,105.13,88.014,74.71,4.299,48.92,72.661,67.74,168.15
5/2/16,104.7,88.784,74.99,4.3,50.64,73.07,68.27,168.61
6/2/16,104.73,89.821,74.58,4.3,55.74,73.24,68.5,168.59
7/2/16,105.09,89.739,74.61,4.3,58.08,73.289,68.5,167.85
8/2/16,106.31,90.319,74.61,4.3,59.43,73.478,68.5,167.86
9/2/16,106.29,90.339,74,4.299,61.2,73.405,68.5,167.51
10/2/16,107.58,90.256,74.24,4.3,59.92,73.457,68.5,168.14
11/2/16,108.15,89.329,74.34,4.3,57.1,74.275,68.5,169.08
12/2/16,107.76,87.856,74.8,4.298,55.82,73.785,68.5,168.26
13/2/16,108.36,89.057,74.8,4.301,45.52,74.302,68.5,168.16
14/2/16,105.26,87.101,74.66,4.3,48.06,73.199,68.5,167.99
15/2/16,105.48,86.909,74.22,4.3,48.83,73.257,68.5,168.32
16/2/16,106.53,88.285,74.58,4.299,48.55,73.336,68.5,168.29
17/2/16,106.99,88.698,74.73,4.301,48.76,73.442,68.5,168.23
18/2/16,107.18,89.29,74.62,4.3,48.33,73.525,68.5,168.28
19/2/16,107.69,90.276,74.38,4.301,49.38,73.514,68.5,168.31
20/2/16,107.92,90.749,74.34,4.301,49.26,73.383,68.5,168.39
21/2/16,107.73,90.897,73.99,4.301,49.1,73.291,68.5,168.42
22/2/16,108.15,91.08,74.24,4.301,49.33,73.374,68.5,168.37
23/2/16,107.99,88.515,74.26,4.299,49.46,73.356,68.5,168.23
24/2/16,107.67,84.542,73.9,4.301,49.01,73.229,68.5,168.37
25/2/16,107.93,84.853,74.38,4.3,48,73.38,68.5,168.41
26/2/16,108.62,85.156,73.83,4.301,48.72,73.45,68.5,168.47
27/2/16,108.5,84.875,73.46,4.302,49.1,73.369,68.5,168.43
28/2/16,108.36,85.393,73.86,4.301,48.37,73.432,68.5,168.49
29/2/16,107.44,86.22,73.15,4.301,48.1,73.64,68.93,168.59
1/3/16,107.57,87.425,73.41,4.299,49.5,74.232,69.5,168.27
2/3/16,107.93,88.325,73.42,4.299,49.21,74.321,69.41,168.31
3/3/16,108.26,87.58,73.79,4.301,49.51,74.127,68.5,168.11
4/3/16,108.46,87.65,73.88,4.301,50.51,74.884,68.5,167.82
5/3/16,107.57,87.765,72.51,4.301,49.59,74.344,68.5,167.73
6/3/16,107.61,88.026,72.41,4.301,49.72,73.437,68.5,167.96
7/3/16,107.83,88.468,72.64,4.3,50.14,73.61,68.5,167.96
8/3/16,107.65,88.52,72.12,4.3,48.77,73.307,68.5,168.39
9/3/16,106.96,87.595,72.49,4.299,49.1,73.221,68.47,168.16
10/3/16,90.01,49.058,70.09,4.157,32.53,43.579,30.58,162.36
11/3/16,89.5,79.4,72.81,4.299,45.26,68.264,63.63,166.15
12/3/16,86.41,83.601,71.76,4.3,55.04,73.144,68.5,168.06
13/3/16,93.02,84.302,72.59,4.301,48.22,73.165,68.5,167.05
14/3/16,94.33,85.375,72.71,4.3,46.32,73.611,68.96,168
15/3/16,94.48,86.212,72.04,4.3,45.9,74.543,69.84,168.31
16/3/16,96.11,86.693,72.74,4.3,45.47,75.274,70.44,168.87
17/3/16,98.21,86.732,72.57,4.3,45.66,75.062,70,169.94
18/3/16,99.33,86.737,73.14,4.301,48.34,75.517,70,169.98
19/3/16,98.79,86.111,73.73,4.3,51.3,74.902,70,169.85
20/3/16,98.13,85.467,73.56,4.301,53.63,74.79,70,169.65
21/3/16,98.15,85.18,73.35,4.3,54.23,74.778,70,169.8
22/3/16,98.62,85.01,73.94,4.3,55.58,74.746,70,170.24
23/3/16,98.94,84.425,73.66,4.3,60.49,74.786,70,169.51
24/3/16,98.15,83.993,72.99,4.3,59.32,74.668,70,169.14
25/3/16,98.92,84.625,72.71,4.299,56.14,74.646,70,168.93
26/3/16,99.34,86.138,72.59,4.3,49.06,74.627,70,169.15
27/3/16,99.96,87.22,72.74,4.3,47.78,74.658,70,168.83
28/3/16,101.8,87.783,72.91,4.3,49.99,74.861,70,168.31
29/3/16,103.56,88.211,73.02,4.301,52.22,74.85,70,167.67
30/3/16,103.71,88.69,72.52,4.298,53.46,74.665,70,167.24
31/3/16,104.94,89.216,72.7,4.3,53.5,75.05,70,166.97
1/4/16,104.99,88.995,72.46,4.3,55.85,74.886,70,166.89
2/4/16,104.81,89.1,72.59,4.299,60.34,75.02,70,166.88
3/4/16,104.75,89.146,72.62,4.3,62.04,74.777,70,166.81
4/4/16,104.89,89.145,72.56,4.3,60.39,74.798,70,166.62
5/4/16,105.12,89.019,72.39,4.301,53.65,74.748,70,166.81
6/4/16,105.53,88.929,72.62,4.301,54.48,75.124,70,167.16
7/4/16,105.1,88.838,72.8,4.299,55,74.89,70,167.04
8/4/16,104.79,89.522,72.5,4.3,57.42,74.654,70,167.34
9/4/16,105.48,90.01,73.12,4.3,54.43,74.736,70,166.98
10/4/16,105.67,90.142,72.61,4.301,51.1,74.728,70,166.94
11/4/16,105.37,90.366,72.75,4.3,55.6,74.912,70,166.95
12/4/16,105.31,90.726,72.81,4.301,62.3,75.02,70,166.67
13/4/16,104.87,91.546,73.04,4.301,51.61,74.984,70,166.43
14/4/16,103.63,91.565,73.28,4.299,53.06,74.531,70,166.3
15/4/16,104.43,89.21,73.85,4.299,53.03,74.908,70,166.15
16/4/16,105.61,87.973,73.67,4.3,51.4,75.488,70,165.73
17/4/16,103.13,88.031,73.37,4.299,47.94,74.606,70,165.59
18/4/16,104.55,90.103,73.09,4.3,48.64,74.72,70,166.01
19/4/16,105.01,88.369,71.98,4.301,54.48,74.672,70,166.81
20/4/16,104.59,87.646,73.28,4.301,54.87,74.992,70,166.2
21/4/16,103.61,85.449,72.93,4.3,54.92,74.977,70,166.27
22/4/16,103.91,84.38,73.08,4.299,55.88,74.82,70,165.67
23/4/16,103.84,84.462,72.76,4.3,51.37,74.772,70,165.71
24/4/16,105.74,86.556,72.96,4.3,52.28,75.023,70,165.41
25/4/16,107.44,87.23,73.04,4.299,52.1,75.124,70,165.41
26/4/16,107.83,87.919,73.05,4.299,51.47,75.397,70,165.56
27/4/16,106.89,88.439,72.86,4.302,49.61,75.556,70,165.6
28/4/16,106.16,89.052,72.48,4.301,48.4,74.952,70,166.18
29/4/16,105.55,88.868,73.39,4.298,49.92,74.92,70,166.14
30/4/16,105.27,88.68,73.66,4.297,54.06,75.106,70,165.8
1/5/16,106.66,88.917,73.18,4.302,56.97,75.392,70,165.99
2/5/16,107.53,88.118,73.82,4.3,61.05,75.903,70,166.06
3/5/16,105.88,87.358,72.77,4.301,58.78,74.799,70,165.83
4/5/16,106.55,88.061,72.58,4.3,55.67,74.914,70,165.95
5/5/16,108.02,88.829,72.94,4.299,60.12,75.648,70,166.31
6/5/16,107.59,88.832,72.31,4.302,61.75,74.986,70,166.15
7/5/16,107.91,89.253,72.21,4.298,54.75,74.835,70,166.24
8/5/16,107.82,88.94,73.01,4.3,53.67,75.244,70,165.85
9/5/16,107.83,89.122,73.32,4.299,56.63,75.127,70,165.62
10/5/16,105.75,88.233,73.56,4.302,57.27,74.83,70,165.62
11/5/16,106.9,88.405,72.95,4.301,49.56,74.96,70,165.62
12/5/16,107.52,88.25,73.29,4.3,47.63,75.087,70,166.31
13/5/16,107.86,88.36,72.83,4.3,46.97,75.037,70,166.75
14/5/16,107.47,87.231,73.32,4.301,47.71,75.457,70,166.69
15/5/16,105.92,86.237,73.33,4.301,47.08,75.162,70,166.67
16/5/16,106.8,87.526,73.12,4.299,44.17,74.819,70,167.01
17/5/16,108.74,88.229,73.53,4.301,42.54,75.119,70,166.74
18/5/16,109.39,89.566,73.33,4.301,47.8,75.545,70,167.78
19/5/16,109.87,88.399,73.7,4.301,48.38,75.887,70,167.71
20/5/16,107.54,85.213,72.66,4.3,52.38,75.381,70,166.78
21/5/16,107.37,83.713,73.66,4.3,57.54,75.877,70,165.33
22/5/16,107.4,83.056,72.81,4.302,50.35,75.774,70,165.19
23/5/16,107.14,83.525,72.98,4.299,51.23,75.263,70,164.7
24/5/16,105.55,84.911,72.63,4.3,50.37,74.709,70,164.54
25/5/16,106.83,86.419,72.81,4.301,48.19,75.135,70,165.43
26/5/16,106.76,86.871,72.5,4.301,45.78,75.088,70,166
27/5/16,106.41,87.222,72.41,4.301,46.16,75.058,70,165.78
28/5/16,107.32,90.903,72.62,4.302,51.01,75.063,70,165.99
29/5/16,106.09,89.584,72.93,4.301,62.44,75.065,70,165.76
30/5/16,107.94,91.048,73.01,4.301,44.42,75.255,70,166.55
31/5/16,106.73,89.725,73.3,4.3,41,75.183,70,166.07
1/6/16,106.72,88.899,73.78,4.3,46.92,75.687,70,165.92
2/6/16,107,87.982,73.27,4.299,46.08,75.415,70,165.79
3/6/16,107.12,88.214,73.24,4.3,43.45,75.359,70,165.49
4/6/16,107.44,89,73.03,4.301,38.85,75.07,70,165.88
5/6/16,107.35,87.699,73.31,4.298,39.57,75.5,70,165.56
6/6/16,106.54,86.719,73.41,4.301,50.28,75.377,70,165.6
7/6/16,106.25,86.874,73.46,4.3,49.1,75.12,70,165.42
8/6/16,106.64,86.817,73.9,4.3,47.09,75.16,70,165.22
9/6/16,107.09,86.635,73.92,4.3,44.57,74.969,69.77,165.25
10/6/16,106.89,85.576,74.42,4.299,42.55,74.525,69,165.32
11/6/16,107.99,85.71,75.26,4.299,42.61,75.052,69,165.47
12/6/16,108.45,85.939,75.52,4.301,44,74.488,69,165.7
13/6/16,108.01,85.904,74.95,4.299,52.3,74.219,69,165.44
14/6/16,108.88,87.213,74.98,4.3,54.98,74.596,69,165.51
15/6/16,107.71,86.462,75.58,4.301,55.05,74.426,69,165.29
16/6/16,107.73,87.039,75.53,4.301,56.27,74.268,69,165.23
17/6/16,108.79,87.828,75.25,4.3,55.38,74.673,69,165.92
18/6/16,108.31,86.708,75.45,4.299,55.74,74.667,69,165.73
19/6/16,108.59,86.942,75.42,4.3,57.21,74.949,69,165.55
20/6/16,109.2,89.511,75.09,4.3,55.18,74.738,69,166.23
21/6/16,109.31,88.822,75,4.299,55.19,74.631,69,165.99
22/6/16,110.56,90.696,75.39,4.3,54.92,75.104,69,166.45
23/6/16,110.18,89.526,75.63,4.3,55.98,75.055,69,165.83
24/6/16,108.2,90.029,75.76,4.298,55.88,74.406,69,165.26
25/6/16,108.07,89.614,75.41,4.3,55.74,74.488,69,165.15
26/6/16,107.66,89.416,75.74,4.299,56.89,74.687,69,164.96
27/6/16,109.13,89.702,75.99,4.3,55.45,74.741,69,165.5
28/6/16,114.12,90.772,77.16,4.3,58.73,74.585,69,164.89
29/6/16,113.95,90.318,77.67,4.299,58.19,74.951,69,164.69
30/6/16,110.18,89.179,76.78,4.301,55.57,74.732,69,165.01
1/7/16,108.4,87.992,76.76,4.299,54.24,74.328,68.43,165.03
2/7/16,111.45,86.949,75.81,4.3,58.39,73.433,67.99,164.54
3/7/16,110.9,86.336,75.68,4.3,58.81,73.764,68,164.5
4/7/16,110.05,85.627,76.06,4.301,60.52,74.122,68,163.87
5/7/16,109.8,84.344,76.56,4.298,60.49,73.462,67.43,164.25
6/7/16,110.94,84.685,75.25,4.301,62.01,73.452,68,163.84
7/7/16,111.63,85.27,75.04,4.3,61.46,73.769,67.86,163.77
8/7/16,113.03,85.243,75.75,4.299,61.22,74.084,67.5,163.85
9/7/16,116.23,87.279,75.38,4.3,60.85,73.804,67.5,164.25
10/7/16,115.81,87.341,75.01,4.301,58.22,73.678,67.5,164.9
11/7/16,113.02,84.683,76.23,4.301,56.98,74.234,67.83,164.49
12/7/16,111.99,84.229,76.13,4.299,60.36,74.293,68,163.74
13/7/16,111.96,84.333,76.5,4.3,61.48,74.088,68,163.75
14/7/16,112.39,85.352,75.77,4.299,59.46,74.312,68,164.65
15/7/16,113.81,82.737,75.27,4.3,56.14,72.465,64.6,165.59
16/7/16,105.97,72.411,75.52,4.299,50.32,65.167,58.6,165.54
17/7/16,107.77,69.686,74.77,4.301,47.11,63.962,57.29,166.9
18/7/16,113.46,75.438,73.2,4.299,44.06,70.328,64.19,167.83
19/7/16,111.58,75.276,74.54,4.302,49.17,73.667,66.96,166.77
20/7/16,111.87,74.844,73.86,4.3,46.27,73.754,67,167.46
21/7/16,112.04,73.072,74.12,4.3,46.58,74.282,67,167.62
22/7/16,112.87,72.826,74.33,4.299,45.97,74.243,67,166.65
23/7/16,112.83,73.246,73.7,4.3,38.29,73.784,67,165.82
24/7/16,113.06,74.09,73.61,4.298,37.16,73.754,67,165.24
25/7/16,115.24,75.2,72.74,4.3,36.4,73.742,67,165.63
26/7/16,113.6,76.254,73.61,4.301,35.39,73.718,67,164.9
27/7/16,112.9,76.59,74.61,4.299,34.95,73.515,67,164.82
28/7/16,113.45,77.284,74.65,4.299,35.57,73.39,67,165.1
29/7/16,111.81,76.688,74.61,4.298,35.46,72.853,66.59,165.27
30/7/16,113.25,77.277,74.41,4.3,35.27,73.171,67,166.07
31/7/16,114.42,77.07,74.25,4.3,33.87,73.753,67,166.63
1/8/16,113.96,76.279,74.35,4.299,34.27,73.44,67,166.02
2/8/16,113.77,76.419,74.79,4.298,34.02,73.452,67,166.44
3/8/16,114.56,76.879,74.16,4.3,33.72,73.83,67,166.77
4/8/16,114.43,77.103,74.29,4.299,33.66,73.97,67,167.06
5/8/16,115.08,77.537,74.21,4.3,35.12,73.872,67,166.98
6/8/16,114.95,77.605,74.14,4.301,35.98,73.846,67,166.61
7/8/16,114.66,78.36,73.7,4.301,36.21,73.832,67,166.69
8/8/16,114.83,79.08,74.02,4.301,36.62,73.597,67,166.76
9/8/16,114.59,77.814,74.42,4.3,37.38,72.686,65.46,166.36
10/8/16,114.13,76.073,74.82,4.299,38.98,70.595,63.18,165.52
11/8/16,114.12,75.708,74.83,4.301,42.92,70.499,62.44,164.52
12/8/16,112.42,67.647,75.04,4.297,57.94,64.464,54.26,165.12
13/8/16,57.88,14.801,52.31,1.642,50.13,42.911,0.01,110.87
14/8/16,33.31,34.454,31.25,0.769,66.16,41.625,0,94.86
15/8/16,29.74,34.217,28.48,0.799,66.27,38.633,0,90.52
16/8/16,28.56,33.821,30.09,0.936,61.29,39.265,0,81.43
17/8/16,28.71,32.559,30.09,1.094,49.97,39.423,0,74.15
18/8/16,28.8,32.422,30.18,1.26,49.91,39.966,0,72.27
19/8/16,28.93,32.28,30.68,1.37,49.9,39.647,0,81.79
20/8/16,53.5,36.084,52.34,2.604,39.61,40.11,0,123.31
21/8/16,82.51,48.328,75.42,4.3,42.19,41.926,10.39,168.33
22/8/16,92.37,72.454,76.06,4.301,48.76,62.48,58.68,168.49
23/8/16,97.44,82.689,75.75,4.301,47.63,69.316,66.5,167.98
24/8/16,99.87,81.188,75.18,4.301,56.88,69.564,66.5,167.96
25/8/16,100.78,80.599,74.81,4.3,63.21,69.405,66.5,167.63
26/8/16,102.43,80.435,74.91,4.302,46.85,68.81,66.49,167.55
27/8/16,102.96,80.99,74.84,4.301,43.22,69.078,66.5,168.23
28/8/16,103.72,84.407,74.73,4.299,52.35,68.84,66.5,168.27
29/8/16,102.48,84.676,74.28,4.3,46.1,68.93,66.5,168.51
30/8/16,103.33,85.112,74.16,4.299,47.74,68.719,66.5,168.99
31/8/16,102.27,86.929,75,4.299,58.13,68.443,66.5,168.48
1/9/16,101.78,86.557,75.86,4.3,58.51,69.008,66.5,168.6
2/9/16,102.31,86.259,76.45,4.299,41.1,69.482,66.5,168.41
3/9/16,102.74,86.472,75.42,4.301,49.94,69.036,66.5,168.23
4/9/16,103.24,85.857,75.71,4.302,41.63,69.282,66.5,168.13
5/9/16,103.98,85.676,75.56,4.299,43.17,69.235,66.5,167.92
6/9/16,104.33,85.796,75.07,4.3,45.19,68.774,66.5,167.75
7/9/16,105.15,86.025,75.03,4.301,47.81,68.7,66.5,167.53
8/9/16,105.59,86.859,75.05,4.3,47.74,68.885,66.5,167.71
9/9/16,105.69,86.61,75.06,4.299,48.93,68.877,66.5,167.58
10/9/16,105.55,86.595,75.53,4.3,49.84,68.895,66.5,167.53
11/9/16,106.25,86.6,75.36,4.301,51.07,68.848,66.5,167.52
12/9/16,107.48,85.914,74.97,4.299,50.27,69.148,66.5,168.54
13/9/16,106.67,82.009,74.94,4.3,46.39,69.217,66.5,169.06
14/9/16,106.62,79.405,74.35,4.3,46.99,68.884,66.5,169.67
15/9/16,106.76,78.931,74.6,4.301,48.5,68.775,66.5,169.26
16/9/16,107.29,78.642,74.69,4.299,48.65,68.754,66.5,169.48
17/9/16,106.51,78.446,74.4,4.301,48.66,68.711,66.5,169.53
18/9/16,108.19,77.794,73.56,4.301,43.99,69.252,66.5,171.12
19/9/16,107.82,76.804,73.01,4.3,53.86,69.046,66.5,170.42
20/9/16,108.39,78.395,73.39,4.3,52.33,68.669,66.5,170.08
21/9/16,108.59,81.738,73.74,4.3,44.97,68.859,66.5,169.26
22/9/16,109.04,83.552,73.06,4.3,49.76,68.722,66.5,170.1
23/9/16,107.36,85.301,74.04,4.3,44.55,68.517,66.5,168.98
24/9/16,108.42,85.244,73.85,4.3,48.18,68.55,66.5,168.67
25/9/16,108.87,85.522,74.44,4.3,44.48,68.893,66.5,168.41
26/9/16,109.02,84.63,75.15,4.301,51.65,69.314,66.5,167.51
27/9/16,108.68,84.58,74.97,4.3,56.78,68.568,66.5,166.3
28/9/16,108.95,88.289,74.88,4.301,49.36,68.778,66.73,166.9
29/9/16,108.71,89.327,75.29,4.3,45.48,69.53,67.27,166.64
30/9/16,108.79,90.28,74.91,4.3,48.14,69.337,67.5,166.68
1/10/16,108.22,89.733,74.82,4.3,49.96,69.509,67.5,166.05
2/10/16,107.06,89.707,74.16,4.302,49.86,69.353,67.5,165.56
3/10/16,107.56,89.736,75.53,4.299,50.43,69.594,67.5,165.57
4/10/16,107.32,89.583,75.61,4.3,51.46,70.181,67.5,165.62
5/10/16,107.07,89.352,75.42,4.301,52.45,69.604,67.5,165.21
6/10/16,106.2,88.808,75.45,4.301,52.7,69.254,67.5,164.81
7/10/16,105.72,89.255,75.06,4.301,52.84,69.454,67.5,164.97
8/10/16,105.36,89.841,75.86,4.302,54.44,69.121,67.5,165.12
9/10/16,104.47,89.399,75.01,4.301,54.75,68.901,67.5,165.2
10/10/16,104.74,89.359,75.13,4.3,55.19,68.962,67.5,165.2
11/10/16,105.11,89.424,74.84,4.302,54.83,69.126,67.5,165.4
12/10/16,105.26,89.329,75.31,4.301,54.57,69.252,67.5,165.67
13/10/16,105.24,88.954,74.75,4.299,54.91,69.138,67.5,166.1
14/10/16,105.05,88.358,74.14,4.3,54.7,69.229,67.37,166.32
15/10/16,105.09,87.745,75.27,4.302,56.26,69.133,66.75,165.98
16/10/16,104.87,87.175,75.79,4.297,55.94,68.531,66.5,165.9
17/10/16,105.42,87.63,75.82,4.301,57.31,68.464,66.5,165.85
18/10/16,105.38,87.903,75.75,4.301,58.26,68.331,66.5,165.82
19/10/16,105.55,88.681,75.69,4.3,58.11,68.269,66.5,166.08
20/10/16,105.58,89.457,75.92,4.3,58.13,68.489,66.5,166.09
21/10/16,104.62,89.263,76.04,4.301,56.46,68.678,66.5,165.99
22/10/16,104.24,89.092,76.05,4.3,56.27,68.574,66.5,165.78
23/10/16,104.04,88.705,75.98,4.301,56.56,68.377,66.5,165.28
24/10/16,104.69,87.476,75.5,4.299,56.13,68.202,66.5,165.56
25/10/16,104.74,87.001,75.61,4.299,52.16,68.195,66.5,166.8
26/10/16,104.54,87.486,75.7,4.3,53.22,68.333,66.5,166.59
27/10/16,103.96,86.959,75.75,4.298,50.99,68.342,66.5,167.15
28/10/16,103.95,85.937,75.75,4.301,53.81,68.317,66.5,166.59
29/10/16,103.11,84.668,75.6,4.301,54.06,67.947,66.5,166.6
30/10/16,103.01,84.792,75.32,4.3,52.77,67.974,66.5,167.17
31/10/16,102.44,85.337,75.52,4.302,48.92,68.097,66.61,168.28
1/11/16,102.28,85.616,75.21,4.301,46.64,68.421,67,168.77
2/11/16,102.45,85.723,75.25,4.301,47.43,68.506,67,168.43
3/11/16,103.33,86.945,75.55,4.3,49.69,68.923,67.29,167.81
4/11/16,103.52,88.024,75.93,4.3,52.17,69.232,67.5,167.07
5/11/16,104.19,88.909,75.98,4.3,53.92,69.434,67.5,166.6
6/11/16,104.07,89.247,75.88,4.3,53.68,69.632,67.5,166.45
7/11/16,103.88,90.171,75.96,4.301,52.21,69.257,67.5,166.74
8/11/16,102.91,90.259,75.81,4.298,49.79,68.633,67.21,166.94
9/11/16,102.45,90.517,75.61,4.3,49.35,68.464,67,166.75
10/11/16,102.73,91.922,75.59,4.3,49.4,68.566,67,166.64
11/11/16,103.86,93.027,75.85,4.301,50.87,68.726,67,166.11
12/11/16,103.72,93.347,76.03,4.299,53.13,68.841,67,165.46
13/11/16,104.59,93.373,76.21,4.3,54.11,69.355,67,165.3
14/11/16,104.05,93.157,76.05,4.301,53.38,68.879,67,164.95
15/11/16,102.16,91.008,76.09,4.299,51.13,68.248,66.72,164.41
16/11/16,101.7,90.704,75.42,4.3,45.51,68.045,66.5,165.56
17/11/16,102.1,90.366,75.84,4.3,42.88,68.24,66.5,166.03
18/11/16,102.11,89.396,75.87,4.299,40.83,68.219,66.5,166.19
19/11/16,103.42,88.091,76.19,4.301,41.54,68.307,66.5,165.96
20/11/16,103.4,86.579,76.11,4.301,41.92,68.193,66.5,165.6
21/11/16,103.03,86.444,76.12,4.299,41.22,68.244,66.5,165.61
22/11/16,101.87,86.228,75.84,4.301,38.51,67.95,66.5,165.89
23/11/16,101.52,86.619,75.81,4.3,37.2,67.984,66.5,165.76
24/11/16,102,87.155,75.79,4.3,37.2,67.988,66.5,165.66
25/11/16,102.21,88.32,75.65,4.298,49.04,68.081,66.5,165.68
26/11/16,102.59,89.256,75.83,4.299,58.8,68.135,66.5,165.79
27/11/16,102,89.14,76.01,4.299,59.12,68.318,66.5,165.77
28/11/16,100.27,87.593,76.25,4.299,58.7,68.247,66.5,165.49
29/11/16,99.58,89.34,76.31,4.3,58.62,68.291,66.5,165.41
30/11/16,99.57,88.826,76.29,4.3,59.3,68.374,66.5,165.18
1/12/16,99.32,88.863,76.47,4.3,60.11,68.664,66.82,165.05
2/12/16,99.03,89.381,76.3,4.299,60.13,68.984,67.27,165.07
3/12/16,101.39,90.755,76.09,4.299,60.38,69.045,67.25,165.4
4/12/16,100.15,90.112,76.43,4.3,59.44,68.859,67,165.54
5/12/16,98.35,88.75,76.59,4.3,58.9,68.912,67,165.11
6/12/16,95.41,87.408,76.25,4.3,58.2,68.708,67,164.69
7/12/16,97.94,88.228,76.16,4.3,59.62,68.887,67,164.59
8/12/16,97.67,88.941,76.38,4.299,60.21,68.822,67,164.31
9/12/16,96.65,88.341,76.45,4.3,59.15,68.792,67,164.13
10/12/16,94.4,85.684,76.27,4.3,57.62,68.761,67,164.13
11/12/16,94.35,86.298,76.18,4.301,57.57,68.804,67,164.25
12/12/16,93.85,85.789,76.27,4.3,57.02,68.973,67,164.21
13/12/16,94.44,84.852,76.2,4.301,57.98,68.855,67,163.79
14/12/16,94.61,84.485,75.89,4.301,59.24,68.484,66.71,163.3
15/12/16,95.31,83.736,75.95,4.301,58.3,66.861,65.15,164.23
16/12/16,96.32,83.473,75.89,4.301,60.19,66.259,64.5,163.87
17/12/16,100.4,82.139,75.53,4.3,59.57,66.678,64.5,164.51
18/12/16,102.36,79.67,74.27,4.299,59.16,66.806,64.5,164.04
19/12/16,102.81,80.22,74.51,4.299,59.43,66.752,64.5,163.88
20/12/16,101.16,80.759,74.79,4.3,59.21,65.851,63.47,163.72
21/12/16,40.5,33.147,20.24,3.443,17.01,28.494,0.09,103.14
22/12/16,12.54,30.346,8.26,2.94,9.98,23.845,0,96.54
23/12/16,5.46,28.501,1.7,2.522,10.52,18.808,0,94.74
24/12/16,2.9,42.968,0.6,2.198,8.28,19.264,0,95.49
25/12/16,2.56,88.948,3.46,2.152,14.29,22.29,0,89.22
26/12/16,37.38,55.621,42.29,3.015,23.09,23.644,0,120.9
27/12/16,81,48.556,72.63,4.3,40.84,25.027,8.14,162.72
28/12/16,88.74,63.998,71.14,4.3,42.97,62.156,56.69,163.79
29/12/16,90.18,74.448,70.86,4.3,41.89,71.639,66.71,163.96
30/12/16,90.45,76.248,72.46,4.3,42.49,71.975,67,163.8
31/12/16,93.92,78.843,72.36,4.301,42.62,72.045,67,163.84
1/1/17,96.03,80.727,72.43,4.299,43.17,72.055,67,163.91
2/1/17,98.08,82.408,72.39,4.3,43.43,72.039,67,163.94
3/1/17,99.84,83.642,72.37,4.301,44.31,71.966,67,164.1
4/1/17,100.17,84.515,72.54,4.3,43.23,72.108,67,164.34
5/1/17,100.36,85.124,72.91,4.302,41.61,72.305,67,164.5
6/1/17,101.41,85.664,72.83,4.299,41.97,72.221,67,164.39
7/1/17,101.59,85.853,72.62,4.298,51.1,72.112,67,164.2
8/1/17,102.21,86.353,72.69,4.297,50.34,72.261,67,164.58
9/1/17,100.66,84.07,72.08,4.302,49.04,71.997,67,164.74
10/1/17,99.77,76.471,70.06,4.301,48.39,72.011,67,164.36
11/1/17,100.17,75.859,69.93,4.3,47.85,72.037,67,164.23
12/1/17,100.03,75.538,69.85,4.299,47.59,71.983,67,164.13
13/1/17,100.36,75.29,70.23,4.3,48.22,71.973,67,163.91
14/1/17,97.79,74.657,70.29,4.301,47.98,71.998,67,163.36
15/1/17,98.53,75.123,70.69,4.3,46.69,72.02,67,163.95
16/1/17,100.08,75.937,70.86,4.299,46.57,71.976,67,164.47
17/1/17,101.37,74.317,70.81,4.299,47,72.063,67,164.58
18/1/17,99.73,73.683,70.03,4.299,48.5,72.105,67,163.84
19/1/17,100.11,80.244,72.53,4.3,47.52,72.052,67,164.47
20/1/17,99.14,82.127,73.01,4.301,45.71,72.257,67.26,164.91
21/1/17,99.41,83.016,73.12,4.3,44.76,72.462,67.5,165.34
22/1/17,98.03,83.286,73.02,4.301,43.07,72.37,67.5,165.88
23/1/17,98.15,83.109,72.82,4.3,43.15,72.367,67.5,165.95
24/1/17,98.5,82.549,72.58,4.301,43.42,72.359,67.5,166.05
25/1/17,98.92,82.362,72.44,4.301,43.44,72.465,67.5,166.07
26/1/17,99.68,82.694,72.81,4.302,43.74,72.657,67.5,165.8
27/1/17,100.06,83.707,72.62,4.301,44.43,72.589,67.5,165.51
28/1/17,101.74,85.317,72.96,4.301,47.66,72.725,67.5,164.67
29/1/17,102.94,85.6,73.11,4.302,48.02,72.598,67.5,165.15
30/1/17,100.7,80.316,72.36,4.299,45.63,72.554,67.5,165.82
31/1/17,100.76,80.36,72.22,4.3,49.38,72.565,67.5,164.19
1/2/17,99.3,74.503,69.95,4.3,50.02,72.587,67.5,163.57
2/2/17,100.21,74.603,69.09,4.301,50.77,72.558,67.5,163.32
3/2/17,101.01,74.631,69.21,4.299,47.66,72.554,67.5,164.22
4/2/17,99.83,73.446,69.55,4.3,44.51,72.802,67.5,164.18
5/2/17,100.54,73.866,69.38,4.301,44.09,72.592,67.5,164.03
6/2/17,100.5,74.818,69.75,4.3,44.27,72.455,67.5,163.21
7/2/17,101.3,76.063,70.24,4.301,43.34,72.484,67.5,163.23
8/2/17,101.04,76.573,70.48,4.301,41.19,72.479,67.5,163.6
9/2/17,98.6,77.774,71.22,4.3,40.48,72.467,67.5,163.53
10/2/17,98.78,81.467,72.38,4.299,40.99,72.514,67.5,163.75
11/2/17,100.3,83.199,72.52,4.3,41.29,72.503,67.5,164.1
12/2/17,102.51,84.875,72.3,4.3,42.64,72.498,67.5,164.18
13/2/17,104.24,84.965,72.59,4.3,43.1,72.591,67.5,164.43
14/2/17,103.54,82.649,72.03,4.302,40.69,72.439,67.5,165.3
15/2/17,103.21,79.22,71.57,4.299,39.44,72.492,67.5,165.86
16/2/17,100.24,72.162,67.68,4.3,36.59,72.803,67.5,166.35
17/2/17,97.58,71.957,66.5,4.3,37.09,72.577,67.5,165.79
18/2/17,98.56,73.211,67.25,4.3,38.41,72.503,67.5,165.18
19/2/17,100.06,74.524,67.93,4.298,39.68,72.55,67.5,164.31
20/2/17,97.57,75.571,67.94,4.301,38.68,72.548,67.5,163.98
21/2/17,99.18,77.119,67.72,4.301,40.13,72.482,67.5,163.54
22/2/17,99.84,79.425,69.18,4.301,40.39,72.541,67.5,163.29
23/2/17,98.56,79.856,69.45,4.3,38.69,72.396,67.5,163.85
24/2/17,99.28,80.538,69.83,4.298,37.86,72.379,67.5,164.49
25/2/17,102.57,82.185,70.18,4.299,40.42,72.473,67.5,163.76
26/2/17,101.4,81.562,70.22,4.3,44.19,72.538,67.5,164.93
27/2/17,102.58,81.168,70.23,4.3,45.47,72.526,67.5,165
28/2/17,102.59,80.65,70.51,4.301,43.27,72.672,67.5,165.58
1/3/17,102.2,79.833,70.14,4.299,42,72.704,67.5,166.01
2/3/17,99.88,77.946,69.5,4.304,40.74,71.744,66.8,165.71
3/3/17,100.66,78.666,69.5,4.301,43.29,72.477,67.5,165.41
4/3/17,100.23,78.669,69.07,4.299,43.81,72.512,67.5,165.37
5/3/17,99.77,78.85,68.89,4.3,43.29,72.649,67.5,165.23
6/3/17,99.01,80.084,69.43,4.301,42.51,72.492,67.5,165.21
7/3/17,99.5,79.674,70.51,4.301,43.86,72.507,67.5,165.36
8/3/17,101.08,77.306,70.87,4.301,47.46,72.515,67.5,165.82
9/3/17,102.33,78.928,71.38,4.3,48.06,72.538,67.5,165.98
10/3/17,103.25,80.53,71.48,4.302,48.79,72.476,67.5,166.08
11/3/17,104.11,82.201,71.71,4.3,50.76,72.543,67.5,165.66
12/3/17,102.46,74.045,69.29,4.3,45.6,72.603,67.5,165.18
13/3/17,100.69,70.399,67.07,4.299,41.29,72.486,67.5,166.09
14/3/17,103.43,75.198,67.39,4.3,43.69,72.612,67.5,165.04
15/3/17,106.2,77.56,68.35,4.3,44.05,72.534,67.5,163.34
16/3/17,106.14,78.817,69.18,4.3,41.45,72.566,67.5,163.45
17/3/17,106.36,74.961,67.78,4.3,39.55,72.456,67.25,165.22
18/3/17,105.37,74.075,67.18,4.301,40.78,72.788,67.5,165.18
19/3/17,104.53,74.496,67.29,4.301,41.79,72.834,67.5,164.69
20/3/17,105.45,75.221,67.63,4.301,41.71,72.623,67.5,164.61
21/3/17,105.24,75.273,67.67,4.301,40.09,72.529,67.5,164.96
22/3/17,105.86,75.382,67.68,4.301,40.38,72.477,67.5,164.85
23/3/17,106.6,77.345,68.49,4.3,41.92,72.564,67.5,164.08
24/3/17,105.91,79.092,69.89,4.302,41.33,72.609,67.5,163.8
25/3/17,106.67,79.457,70.22,4.3,39.72,72.378,67.5,164.4
26/3/17,106.38,79.049,70.18,4.3,38.05,72.347,67.5,165
27/3/17,106.32,78.429,69.83,4.298,37.61,72.397,67.5,165.2
28/3/17,106.48,78.45,70,4.301,37.93,72.441,67.5,165.32
29/3/17,106.07,78.686,70.19,4.297,37.72,72.707,67.5,165.22
30/3/17,106.6,78.886,70.04,4.3,37.74,72.694,67.5,165.16
31/3/17,107.17,79.221,70.1,4.302,45.86,72.859,67.5,164.98
1/4/17,107.23,79.453,70.06,4.301,44.44,72.659,67.5,164.8
2/4/17,107.94,79.89,70.39,4.301,44.15,72.596,67.5,164.84
3/4/17,108.04,79.458,70.28,4.3,44.26,72.701,67.2,164.69
4/4/17,106.11,79.465,70.37,4.301,44.74,72.623,66.73,164.29
5/4/17,102.6,79.347,70.89,4.302,43.08,72.261,66.5,164.08
6/4/17,102.88,78.986,70.48,4.3,42.94,71.562,66.5,164.02
7/4/17,103.34,79.034,70.65,4.3,42.99,71.838,66.5,164.19
8/4/17,102.39,78.753,70.6,4.3,43.39,71.429,66.5,164
9/4/17,103.43,78.476,70.59,4.3,44.09,72.445,66.5,163.94
10/4/17,103.29,77.999,70.4,4.299,44.02,72.631,66.5,163.83
11/4/17,101.76,76.807,69.94,4.302,44.64,71.766,66.5,163.42
12/4/17,101.15,76.758,70.13,4.299,44.21,71.751,66.5,163.55
13/4/17,100.97,77.059,70.28,4.3,44.05,71.847,66.5,163.54
14/4/17,100.44,76.916,70.09,4.302,43.23,71.956,66.5,163.49
15/4/17,100.94,76.671,69.74,4.302,44.79,72.348,66.5,163.23
16/4/17,100.4,76.225,69.48,4.299,45,71.97,66.5,163.19
17/4/17,99.94,75.819,68.92,4.3,45.81,71.978,66.5,162.86
18/4/17,98.98,75.769,69.1,4.3,44.72,71.662,66.5,163.29
19/4/17,99.45,76.018,69.1,4.3,45.39,71.822,66.5,163.15
20/4/17,100.52,76.202,69.19,4.301,45.92,71.966,66.5,162.93
21/4/17,100.47,76.213,69.06,4.301,45.97,71.742,66.5,162.73
22/4/17,100.56,75.948,69.02,4.301,44.63,72.032,66.5,162.36
23/4/17,100.67,75.692,69.03,4.299,44.19,72.081,66.5,162.14
24/4/17,100.8,75.878,69.08,4.3,44.2,72.281,66.5,161.85
25/4/17,100.95,75.903,69.05,4.3,44.17,72.029,66.5,162.16
26/4/17,100.18,75.33,68.66,4.302,43.76,71.957,66.5,162.42
27/4/17,99.51,74.805,68.43,4.3,43.46,71.726,66.5,162.69
28/4/17,99.16,73.97,67.76,4.301,44.63,71.903,66.5,162.53
29/4/17,99.28,73.597,67.59,4.3,45.49,72.113,66.5,162.72
30/4/17,99.48,73.383,67.81,4.3,45.91,72.429,66.5,162.71
1/5/17,99.42,73.45,67.55,4.301,45.75,72.082,66.5,162.27
2/5/17,100.8,74.038,67.69,4.301,46.11,72.447,66.5,161.92
3/5/17,101.97,74.418,68.08,4.3,46.87,72.441,66.5,161.43
4/5/17,102.86,74.75,68.48,4.302,46.34,72.299,66.5,161.29
5/5/17,103.29,74.881,68.52,4.3,46.13,72.475,66.5,160.96
6/5/17,101.91,74.998,68.55,4.3,44.6,71.836,66.5,160.96
7/5/17,102.16,75.243,68.53,4.302,44.77,71.885,66.5,160.83
8/5/17,102.45,75.416,68.72,4.298,45.04,72.182,66.5,160.6
9/5/17,103.15,75.346,68.72,4.298,44.74,72.137,66.5,160.94
10/5/17,102.95,74.096,67.72,4.299,44.88,71.787,66.5,161.26
11/5/17,103.01,75.113,68.56,4.3,46.16,72.582,66.5,160.65
12/5/17,103.01,74.844,68.79,4.301,46.03,72.305,66.5,160.84
13/5/17,102.92,74.857,68.31,4.301,45.03,71.991,66.5,161.21
14/5/17,102.43,74.849,68.18,4.299,45.31,71.747,66.5,161.41
15/5/17,102.16,74.866,68.5,4.3,45.02,71.733,66.5,161.4
16/5/17,103.2,75.201,68.83,4.298,45.53,71.931,66.5,161.67
17/5/17,104.34,75.551,69.05,4.302,45.48,72.013,66.5,161.85
18/5/17,105.73,75.564,69.17,4.301,45.92,72.647,66.5,161.79
19/5/17,105.93,75.35,68.98,4.302,45.1,72.656,66.5,162.22
20/5/17,105.99,75.376,68.94,4.3,44.88,72.465,66.5,162.31
21/5/17,106.08,75.45,68.95,4.301,45.31,72.656,66.5,162.01
22/5/17,106.25,75.427,68.98,4.3,45.73,72.704,66.5,161.77
23/5/17,106.31,75.472,69.28,4.301,45.42,72.323,66.5,161.77
24/5/17,106.12,75.515,69.4,4.301,46,72.224,66.5,161.41
25/5/17,104.61,75.173,70.1,4.299,45.21,72.066,66.5,161.3
26/5/17,102.8,74.706,70.61,4.299,45.15,71.952,66.5,161.05
27/5/17,102.72,74.624,70.72,4.301,45.56,72.029,66.5,160.82
28/5/17,104.79,75.108,70.81,4.299,46.55,72.513,66.5,160.45
29/5/17,105.98,75.939,72.04,4.301,48.41,72.677,66.5,160.04
30/5/17,107.9,76.67,72.89,4.3,49.58,73.082,66.5,159.62
31/5/17,109.24,77.925,73.09,4.3,50.76,72.509,66.5,159.62
1/6/17,108.74,79.907,73.25,4.299,50.36,72.313,66.5,159.66
2/6/17,108.81,80.339,73.37,4.298,50.58,72.335,66.5,159.91
3/6/17,108.7,79.514,73.68,4.302,51.14,71.173,65.53,160.04
4/6/17,109.9,79.041,73.57,4.3,51.99,70.399,64.26,160.13
5/6/17,109.05,77.203,73.73,4.301,51.14,69.577,62.84,160.29
6/6/17,105.31,69.9,73.22,4.3,50.2,64.891,57.16,159.63
7/6/17,103.27,67.334,73.35,4.3,50.39,61.563,54.48,159.31
8/6/17,45.87,29.821,28.22,2.031,3.25,35.859,0.72,85.85
9/6/17,25.45,56.568,28.47,1.218,0.75,36.565,0,71.36
10/6/17,22.39,76.499,24.74,1.193,0,36.12,0,65.21
11/6/17,20.97,74.74,23.92,2.605,0,34.288,0,57.49
12/6/17,21.82,69.44,24.11,3.38,0,36.096,0,46.41
13/6/17,21.25,69.766,21.52,1.722,0,33.942,0,38.6
14/6/17,20.48,69.702,20.33,2.213,0,32.626,0,36.6
15/6/17,44.14,37.464,39.28,2.864,5.88,35.415,0,72.38
16/6/17,90.81,50.256,73.45,4.299,42.51,53.893,34.37,160.51
17/6/17,97.45,70.257,71.94,4.3,46.86,71.708,66.06,161.36
18/6/17,96.29,70.711,71.45,4.3,48,71.928,66.5,161.39
19/6/17,97.34,70.823,71.29,4.3,48.14,72.331,66.78,161.36
20/6/17,96.99,71.574,70.77,4.301,47.23,73.114,67.33,161.51
21/6/17,99.31,76.708,70.81,4.301,46.6,72.976,67.5,162.19
22/6/17,100.94,77.697,71.97,4.301,46.68,73.101,67.5,162.66
23/6/17,101.99,78.709,72.53,4.301,46.41,73.068,67.5,163.15
24/6/17,102.52,79.614,71.77,4.299,46.71,72.972,67.5,163.41
25/6/17,103,79.599,72.09,4.301,48.19,73.153,67.5,163.19
26/6/17,102.5,77.878,73.48,4.299,47.66,73.034,67.26,163.37
27/6/17,101.88,76.865,74.99,4.3,47.56,72.95,67.5,163.91
28/6/17,102.15,75.254,74.95,4.301,48.71,73.145,67.5,163.09
29/6/17,102.78,75.386,75.18,4.301,48.96,73.224,67.5,163.23
30/6/17,103.76,75.027,75.49,4.299,45.56,73.208,67.5,163.92
1/7/17,104.43,78.406,76.14,4.298,45.16,73.204,67.5,164.38
2/7/17,105.11,81.087,76.91,4.299,46.39,73.3,67.5,163.99
3/7/17,104.93,81.753,76.78,4.3,47.7,73.072,67.29,163.7
4/7/17,106.01,79.601,76.13,4.299,47.54,72.607,66.71,163.87
5/7/17,107.44,81.912,76.31,4.3,49.78,73.129,67,164.23
6/7/17,106.97,81.029,77.12,4.299,50.35,73.229,67,164.02
