Date,After AI,Before AI
2007-12-31,135.1,78.2
2008-01-02,133.2,78.4
2008-01-03,133.2,76.6
2008-01-04,129.9,76.7
2008-01-07,130.4,76.2
2008-01-08,128.0,76.8
2008-01-09,129.8,76.7
2008-01-10,130.8,75.2
2008-01-11,129.0,76.4
2008-01-14,130.4,73.9
2008-01-15,127.2,72.4
2008-01-16,126.5,71.3
2008-01-17,122.8,71.7
2008-01-18,122.1,69.7
2008-01-22,120.7,69.3
2008-01-23,123.3,71.7
2008-01-24,124.5,70.7
2008-01-25,122.6,71.5
2008-01-28,124.7,71.9
2008-01-29,125.5,71.6
2008-01-30,124.9,72.3
2008-01-31,127.0,73.6
2008-02-01,128.6,72.8
2008-02-04,127.2,69.5
2008-02-05,123.2,69.4
2008-02-06,122.3,69.1
2008-02-07,123.3,68.3
2008-02-08,122.8,68.7
2008-02-11,123.5,70.2
2008-02-12,124.4,70.7
2008-02-13,126.1,70.3
2008-02-14,124.4,70.6
2008-02-15,124.6,71.3
2008-02-19,124.4,70.9
2008-02-20,125.5,70.8
2008-02-21,123.9,71.7
2008-02-22,124.9,72.8
2008-02-25,126.6,73.9
2008-02-26,127.5,74.2
2008-02-27,127.4,73.4
2008-02-28,126.3,71.6
2008-02-29,122.9,71.8
2008-03-03,122.9,70.7
2008-03-04,122.5,71.6
2008-03-05,123.2,70.6
2008-03-06,120.5,69.7
2008-03-07,119.5,69.4
2008-03-10,117.7,71.6
2008-03-11,122.1,71.6
2008-03-12,121.0,71.7
2008-03-13,121.6,70.0
2008-03-14,119.1,68.9
2008-03-17,118.0,71.0
2008-03-18,123.1,68.4
2008-03-19,120.1,69.5
2008-03-20,122.9,70.7
2008-03-24,124.8,71.8
2008-03-25,125.1,71.8
2008-03-26,124.0,71.7
2008-03-27,122.0,71.6
2008-03-28,121.1,71.9
2008-03-31,121.8,74.2
2008-04-01,126.1,74.3
2008-04-02,125.9,74.6
2008-04-03,126.1,74.8
2008-04-04,126.2,75.3
2008-04-07,126.4,74.5
2008-04-08,125.8,73.9
2008-04-09,124.8,73.6
2008-04-10,125.3,72.6
2008-04-11,122.8,72.8
2008-04-14,122.3,73.3
2008-04-15,122.9,75.6
2008-04-16,125.7,74.8
2008-04-17,125.8,75.3
2008-04-18,128.1,75.9
2008-04-21,127.9,75.1
2008-04-22,126.8,75.5
2008-04-23,127.1,75.0
2008-04-24,127.9,75.6
2008-04-25,128.8,76.1
2008-04-28,128.6,75.4
2008-04-29,128.1,75.8
2008-04-30,127.7,76.3
2008-05-01,129.9,76.5
2008-05-02,130.3,76.6
2008-05-05,129.7,77.2
2008-05-06,130.7,75.8
2008-05-07,128.4,76.5
2008-05-08,128.9,75.9
2008-05-09,128.0,76.6
2008-05-12,129.4,76.4
2008-05-13,129.4,76.4
2008-05-14,130.0,77.7
2008-05-15,131.4,78.5
2008-05-16,131.5,78.2
2008-05-19,131.7,77.5
2008-05-20,130.4,76.6
2008-05-21,128.4,77.5
2008-05-22,128.7,76.6
2008-05-23,127.0,76.5
2008-05-27,127.9,76.5
2008-05-28,128.4,76.3
2008-05-29,129.1,76.7
2008-05-30,129.3,75.9
2008-06-02,128.0,75.8
2008-06-03,127.2,75.3
2008-06-04,127.2,76.6
2008-06-05,129.7,74.4
2008-06-06,125.7,74.3
2008-06-09,125.8,73.0
2008-06-10,125.5,72.1
2008-06-11,123.4,71.8
2008-06-12,123.9,72.5
2008-06-13,125.7,72.9
2008-06-16,125.7,73.1
2008-06-17,124.9,72.5
2008-06-18,123.7,72.3
2008-06-19,124.2,70.8
2008-06-20,121.9,70.7
2008-06-23,121.9,70.4
2008-06-24,121.5,69.9
2008-06-25,122.3,68.1
2008-06-26,118.1,68.3
2008-06-27,117.7,68.7
2008-06-30,117.8,67.9
2008-07-01,118.3,66.9
2008-07-02,116.2,67.3
2008-07-03,116.3,66.7
2008-07-07,115.3,67.1
2008-07-08,117.3,66.2
2008-07-09,114.7,66.8
2008-07-10,115.5,65.7
2008-07-11,114.2,65.6
2008-07-14,113.2,64.5
2008-07-15,111.9,65.7
2008-07-16,114.8,66.7
2008-07-17,116.1,67.1
2008-07-18,116.2,67.5
2008-07-21,116.1,67.8
2008-07-22,117.7,68.0
2008-07-23,118.2,66.8
2008-07-24,115.4,66.9
2008-07-25,115.9,65.8
2008-07-28,113.8,66.4
2008-07-29,116.4,67.1
2008-07-30,118.4,66.4
2008-07-31,116.8,65.4
2008-08-01,116.2,64.8
2008-08-04,115.2,66.4
2008-08-05,118.5,66.4
2008-08-06,118.9,65.1
2008-08-07,116.8,65.4
2008-08-08,119.6,65.3
2008-08-11,120.5,64.9
2008-08-12,119.0,63.8
2008-08-13,118.7,63.6
2008-08-14,119.4,63.2
2008-08-15,119.9,62.8
2008-08-18,118.1,62.1
2008-08-19,117.0,62.5
2008-08-20,117.7,62.8
2008-08-21,118.0,63.0
2008-08-22,119.4,62.1
2008-08-25,117.0,62.4
2008-08-26,117.4,63.0
2008-08-27,118.4,63.8
2008-08-28,120.2,63.6
2008-08-29,118.5,62.6
2008-09-02,118.1,62.3
2008-09-03,117.9,59.7
2008-09-04,114.3,59.4
2008-09-05,114.9,60.8
2008-09-08,117.2,58.8
2008-09-09,113.2,59.4
2008-09-10,113.9,59.2
2008-09-11,115.5,60.4
2008-09-12,115.8,57.8
2008-09-15,110.4,57.4
2008-09-16,112.3,55.2
2008-09-17,107.0,57.7
2008-09-18,111.6,61.8
2008-09-19,116.1,59.7
2008-09-22,111.7,58.9
2008-09-23,110.0,59.0
2008-09-24,109.8,60.4
2008-09-25,111.3,59.8
2008-09-26,111.7,53.1
2008-09-29,101.8,56.3
2008-09-30,107.4,55.9
2008-10-01,106.9,53.4
2008-10-02,102.6,53.2
2008-10-03,101.2,50.2
2008-10-06,97.3,47.9
2008-10-07,91.7,46.8
2008-10-08,90.8,44.0
2008-10-09,83.8,42.4
2008-10-10,82.9,49.1
2008-10-13,92.5,48.1
2008-10-14,92.0,43.0
2008-10-15,83.7,45.5
2008-10-16,87.2,44.5
2008-10-17,86.7,47.4
2008-10-20,90.8,44.7
2008-10-21,88.0,41.2
2008-10-22,82.7,42.3
2008-10-23,83.7,39.6
2008-10-24,80.8,37.5
2008-10-27,78.3,42.7
2008-10-28,86.7,42.8
2008-10-29,85.8,44.3
2008-10-30,88.0,44.6
2008-10-31,89.3,44.8
2008-11-03,89.1,47.8
2008-11-04,92.8,45.2
2008-11-05,87.9,42.3
2008-11-06,83.5,44.7
2008-11-07,86.0,44.0
2008-11-10,84.9,42.6
2008-11-11,83.0,40.3
2008-11-12,78.8,43.7
2008-11-13,84.2,41.2
2008-11-14,80.7,40.5
2008-11-17,78.6,40.5
2008-11-18,79.4,37.8
2008-11-19,74.6,35.7
2008-11-20,69.6,38.3
2008-11-21,74.0,40.6
2008-11-24,78.8,41.3
2008-11-25,79.3,41.8
2008-11-26,82.1,41.7
2008-11-28,82.9,38.3
2008-12-01,75.5,40.4
2008-12-02,78.6,40.9
2008-12-03,80.6,39.7
2008-12-04,78.3,40.2
2008-12-05,81.1,42.1
2008-12-08,84.3,41.7
2008-12-09,82.3,42.8
2008-12-10,83.3,42.6
2008-12-11,80.9,43.0
2008-12-12,81.5,43.1
2008-12-15,80.5,45.6
2008-12-16,84.6,45.5
2008-12-17,83.8,44.0
2008-12-18,82.1,43.4
2008-12-19,82.3,43.1
2008-12-22,80.8,42.2
2008-12-23,80.0,42.8
2008-12-24,80.5,43.0
2008-12-26,80.2,43.0
2008-12-29,80.0,44.3
2008-12-30,81.9,44.9
2008-12-31,83.1,45.4
2009-01-02,85.8,44.7
2009-01-05,85.3,45.2
2009-01-06,86.0,44.4
2009-01-07,83.5,45.1
2009-01-08,83.8,43.5
2009-01-09,82.0,42.5
2009-01-12,80.1,41.7
2009-01-13,80.3,40.0
2009-01-14,77.6,40.3
2009-01-15,77.7,40.6
2009-01-16,78.3,37.6
2009-01-20,74.2,39.4
2009-01-21,77.4,38.5
2009-01-22,76.2,38.3
2009-01-23,76.6,39.0
2009-01-26,77.1,39.8
2009-01-27,77.9,40.9
2009-01-28,80.5,39.1
2009-01-29,77.9,38.7
2009-01-30,76.1,38.3
2009-02-02,76.1,39.4
2009-02-03,77.3,39.2
2009-02-04,76.7,39.8
2009-02-05,78.0,40.7
2009-02-06,80.1,40.7
2009-02-09,80.3,38.7
2009-02-10,76.3,39.1
2009-02-11,76.9,39.0
2009-02-12,77.1,38.6
2009-02-13,76.3,36.5
2009-02-17,72.9,36.5
2009-02-18,72.8,36.4
2009-02-19,72.0,35.9
2009-02-20,71.2,34.5
2009-02-23,68.7,36.0
2009-02-24,71.5,35.0
2009-02-25,70.7,34.7
2009-02-26,69.6,34.7
2009-02-27,68.0,32.7
2009-03-02,64.8,32.6
2009-03-03,64.4,34.0
2009-03-04,66.0,32.6
2009-03-05,63.2,32.6
2009-03-06,63.3,31.7
2009-03-09,62.7,33.8
2009-03-10,66.6,34.0
2009-03-11,66.8,34.8
2009-03-12,69.6,35.0
2009-03-13,70.1,35.4
2009-03-16,69.8,36.3
2009-03-17,72.1,37.4
2009-03-18,73.6,37.4
2009-03-19,72.6,36.8
2009-03-20,71.2,39.5
2009-03-23,76.2,38.2
2009-03-24,74.7,38.8
2009-03-25,75.4,39.4
2009-03-26,76.6,38.1
2009-03-27,75.1,36.6
2009-03-30,72.5,37.6
2009-03-31,73.4,38.6
2009-04-01,74.7,40.3
2009-04-02,76.8,40.5
2009-04-03,77.6,39.7
2009-04-06,76.9,38.9
2009-04-07,75.1,39.3
2009-04-08,76.0,40.3
2009-04-09,78.9,40.7
2009-04-13,79.1,40.3
2009-04-14,77.5,40.9
2009-04-15,78.5,41.1
2009-04-16,79.7,41.0
2009-04-17,80.1,39.3
2009-04-20,76.7,40.2
2009-04-21,78.3,39.9
2009-04-22,77.7,40.9
2009-04-23,78.5,41.5
2009-04-24,79.8,41.0
2009-04-27,79.0,40.6
2009-04-28,78.8,41.7
2009-04-29,80.5,41.9
2009-04-30,80.5,42.4
2009-05-01,80.9,44.2
2009-05-04,83.6,43.7
2009-05-05,83.3,44.8
2009-05-06,84.8,44.0
2009-05-07,83.7,46.0
2009-05-08,85.7,44.8
2009-05-11,83.9,45.3
2009-05-12,83.8,43.7
2009-05-13,81.6,44.2
2009-05-14,82.5,43.8
2009-05-15,81.6,45.4
2009-05-18,84.0,45.8
2009-05-19,83.9,46.1
2009-05-20,83.5,45.8
2009-05-21,82.1,46.0
2009-05-22,82.0,47.0
2009-05-26,84.1,46.1
2009-05-27,82.6,46.5
2009-05-28,83.8,47.5
2009-05-29,85.0,48.6
2009-06-01,87.2,49.0
2009-06-02,87.3,47.6
2009-06-03,86.2,47.9
2009-06-04,87.2,47.3
2009-06-05,87.0,47.2
2009-06-08,86.9,47.8
2009-06-09,87.2,47.9
2009-06-10,86.9,48.7
2009-06-11,87.5,48.4
2009-06-12,87.6,46.7
2009-06-15,85.5,46.2
2009-06-16,84.4,46.3
2009-06-17,84.3,46.2
2009-06-18,85.0,46.9
2009-06-19,85.3,45.4
2009-06-22,82.7,45.1
2009-06-23,82.5,45.1
2009-06-24,83.0,46.1
2009-06-25,84.8,46.0
2009-06-26,84.7,46.4
2009-06-29,85.4,45.8
2009-06-30,84.7,46.6
2009-07-01,85.1,45.2
2009-07-02,82.6,45.3
2009-07-06,82.8,44.2
2009-07-07,81.2,44.0
2009-07-08,81.1,44.6
2009-07-09,81.4,44.0
2009-07-10,81.1,44.8
2009-07-13,83.1,45.0
2009-07-14,83.5,46.6
2009-07-15,86.0,47.0
2009-07-16,86.8,46.8
2009-07-17,86.8,47.7
2009-07-20,87.7,48.0
2009-07-21,88.1,48.2
2009-07-22,88.0,49.0
2009-07-23,90.1,49.3
2009-07-24,90.4,49.3
2009-07-27,90.6,49.1
2009-07-28,90.4,48.7
2009-07-29,90.0,49.7
2009-07-30,91.1,50.4
2009-07-31,91.1,51.6
2009-08-03,92.5,51.5
2009-08-04,92.8,51.3
2009-08-05,92.6,51.0
2009-08-06,92.1,50.9
2009-08-07,93.3,50.6
2009-08-10,93.0,50.9
2009-08-11,91.8,51.7
2009-08-12,92.9,51.2
2009-08-13,93.6,49.6
2009-08-14,92.8,50.4
2009-08-17,90.6,50.9
2009-08-18,91.5,51.2
2009-08-19,92.1,52.4
2009-08-20,93.1,52.3
2009-08-21,94.9,52.9
2009-08-24,94.8,52.6
2009-08-25,95.1,53.0
2009-08-26,95.1,53.1
2009-08-27,95.4,52.7
2009-08-28,95.2,51.4
2009-08-31,94.4,51.3
2009-09-01,92.3,51.7
2009-09-02,92.1,52.5
2009-09-03,92.8,53.5
2009-09-04,94.1,54.2
2009-09-08,94.9,54.7
2009-09-09,95.7,54.6
2009-09-10,96.7,54.7
2009-09-11,96.5,54.7
2009-09-14,97.2,55.8
2009-09-15,97.5,55.5
2009-09-16,99.0,55.6
2009-09-17,98.7,55.0
2009-09-18,98.9,55.8
2009-09-21,98.6,55.3
2009-09-22,99.2,54.5
2009-09-23,98.2,54.3
2009-09-24,97.3,55.0
2009-09-25,96.7,54.7
2009-09-28,98.0,54.7
2009-09-29,97.8,53.3
2009-09-30,97.4,52.7
2009-10-01,94.9,53.4
2009-10-02,94.5,54.3
2009-10-05,95.9,54.5
2009-10-06,97.2,55.3
2009-10-07,97.6,55.2
2009-10-08,98.3,55.5
2009-10-09,98.8,55.4
2009-10-12,99.3,56.7
2009-10-13,99.0,57.0
2009-10-14,100.7,56.1
2009-10-15,101.2,57.0
2009-10-16,100.3,56.7
2009-10-19,101.3,56.5
2009-10-20,100.7,57.1
2009-10-21,99.8,56.2
2009-10-22,100.8,55.3
2009-10-23,99.6,54.9
2009-10-26,98.4,53.6
2009-10-27,98.1,55.1
2009-10-28,96.2,53.3
2009-10-29,98.4,53.8
2009-10-30,95.6,53.6
2009-11-02,96.3,54.2
2009-11-03,96.5,54.9
2009-11-04,96.6,55.0
2009-11-05,98.5,56.6
2009-11-06,98.7,56.3
2009-11-09,101.0,56.4
2009-11-10,101.0,55.6
2009-11-11,101.5,56.4
2009-11-12,100.5,57.3
2009-11-13,101.0,56.9
2009-11-16,102.5,56.7
2009-11-17,102.6,55.7
2009-11-18,102.6,55.3
2009-11-19,101.2,56.3
2009-11-20,100.9,56.1
2009-11-23,102.3,56.9
2009-11-24,102.2,55.2
2009-11-25,102.7,55.4
2009-11-27,101.0,56.9
2009-11-30,101.3,57.0
2009-12-01,102.6,56.9
2009-12-02,102.6,56.7
2009-12-03,101.8,56.4
2009-12-04,102.3,55.4
2009-12-07,102.1,55.3
2009-12-08,101.1,55.5
2009-12-09,101.4,55.5
2009-12-10,102.0,56.0
2009-12-11,102.4,55.4
2009-12-14,103.1,56.0
2009-12-15,102.6,54.7
2009-12-16,102.7,54.8
2009-12-17,101.5,55.0
2009-12-18,102.1,54.9
2009-12-21,103.2,55.4
2009-12-22,103.5,55.6
2009-12-23,103.8,55.8
2009-12-24,104.3,55.9
2009-12-28,103.8,55.7
2009-12-29,103.7,55.3
2009-12-30,103.7,56.7
2009-12-31,102.7,56.8
2010-01-04,104.3,57.0
2010-01-05,104.6,56.8
2010-01-06,104.8,57.3
2010-01-07,105.2,57.7
2010-01-08,105.5,57.0
2010-01-11,105.7,57.5
2010-01-12,104.7,58.0
2010-01-13,105.6,57.1
2010-01-14,105.8,57.6
2010-01-15,104.7,56.1
2010-01-19,106.0,54.9
2010-01-20,104.9,53.9
2010-01-21,102.9,54.5
2010-01-22,100.6,54.2
2010-01-25,101.1,54.2
2010-01-26,100.6,53.3
2010-01-27,101.1,52.5
2010-01-28,99.9,53.4
2010-01-29,99.0,54.3
2010-02-01,100.4,53.8
2010-02-02,101.7,51.6
2010-02-03,101.2,51.5
2010-02-04,98.0,50.5
2010-02-05,98.3,52.1
2010-02-08,97.4,51.7
2010-02-09,98.7,52.2
2010-02-10,98.5,51.8
2010-02-11,99.5,52.9
2010-02-12,99.3,53.0
2010-02-16,101.1,53.3
2010-02-17,101.5,52.9
2010-02-18,102.2,53.0
2010-02-19,102.4,52.3
2010-02-22,102.3,52.6
2010-02-23,101.1,52.3
2010-02-24,102.1,52.6
2010-02-25,101.9,53.0
2010-02-26,102.0,53.4
2010-03-01,103.1,54.1
2010-03-02,103.3,53.9
2010-03-03,103.4,55.0
2010-03-04,103.8,55.0
2010-03-05,105.2,54.9
2010-03-08,105.2,55.1
2010-03-09,105.4,55.3
2010-03-10,105.9,55.7
2010-03-11,106.3,55.3
2010-03-12,106.3,56.0
2010-03-15,106.4,56.3
2010-03-16,107.2,55.9
2010-03-17,107.8,55.4
2010-03-18,107.8,55.5
2010-03-19,107.2,55.9
2010-03-22,107.8,55.0
2010-03-23,108.6,55.0
2010-03-24,108.0,55.5
2010-03-25,107.8,56.0
2010-03-26,107.9,56.0
2010-03-29,108.1,56.0
2010-03-30,108.1,57.0
2010-03-31,107.7,57.0
2010-04-01,108.5,56.9
2010-04-05,109.4,56.5
2010-04-06,109.6,56.4
2010-04-07,109.0,57.2
2010-04-08,109.4,57.3
2010-04-09,110.1,57.3
2010-04-12,110.3,58.0
2010-04-13,110.4,58.0
2010-04-14,111.6,56.7
2010-04-15,111.7,56.6
2010-04-16,109.9,56.9
2010-04-19,110.4,56.6
2010-04-20,111.3,56.0
2010-04-21,111.2,56.5
2010-04-22,111.4,56.5
2010-04-23,112.2,54.3
2010-04-26,111.7,54.3
2010-04-27,109.1,55.1
2010-04-28,109.8,54.4
2010-04-29,111.3,54.8
2010-04-30,109.4,52.6
2010-05-03,110.9,51.6
2010-05-04,108.2,49.3
2010-05-05,107.5,49.2
2010-05-06,104.1,52.4
2010-05-07,102.5,51.6
2010-05-10,107.0,52.1
2010-05-11,106.7,51.5
2010-05-12,108.2,50.0
2010-05-13,106.8,50.1
2010-05-14,104.8,49.0
2010-05-17,105.0,49.2
2010-05-18,103.5,47.5
2010-05-19,103.0,48.6
2010-05-20,99.0,47.5
2010-05-21,100.5,47.3
2010-05-24,99.2,46.6
2010-05-25,99.2,49.3
2010-05-26,98.7,48.3
2010-05-27,101.9,47.8
2010-05-28,100.7,49.1
2010-06-01,98.9,49.0
2010-06-02,101.5,46.9
2010-06-03,101.9,46.3
2010-06-04,98.4,47.0
2010-06-07,97.1,46.9
2010-06-08,98.2,48.8
2010-06-09,97.6,48.9
2010-06-10,100.5,49.2
2010-06-11,101.0,50.8
2010-06-14,100.8,50.5
2010-06-15,103.2,50.7
2010-06-16,103.1,50.6
2010-06-17,103.2,50.6
2010-06-18,103.4,50.0
2010-06-21,103.0,49.4
2010-06-22,101.3,48.6
2010-06-23,101.0,48.9
2010-06-24,99.3,48.5
2010-06-25,99.6,46.8
2010-06-28,98.9,46.5
2010-06-29,95.9,47.2
2010-06-30,94.9,47.1
2010-07-01,94.6,48.0
2010-07-02,94.2,49.5
2010-07-06,94.7,50.0
2010-07-07,97.7,50.1
2010-07-08,98.6,49.9
2010-07-09,99.3,50.8
2010-07-12,99.4,51.0
2010-07-13,100.9,51.2
2010-07-14,100.9,49.6
2010-07-15,101.0,49.9
2010-07-16,98.1,50.2
2010-07-19,98.7,49.3
2010-07-20,99.8,51.0
2010-07-21,98.6,51.6
2010-07-22,100.8,52.0
2010-07-23,101.6,52.1
2010-07-26,102.8,51.8
2010-07-27,102.7,52.1
2010-07-28,101.9,51.9
2010-07-29,101.5,53.7
2010-07-30,101.6,53.6
2010-08-02,103.8,53.6
2010-08-03,103.3,53.6
2010-08-04,103.9,53.8
2010-08-05,103.8,53.8
2010-08-06,103.4,53.4
2010-08-09,104.0,51.0
2010-08-10,103.4,50.9
2010-08-11,100.5,50.7
2010-08-12,100.0,51.1
2010-08-13,99.6,51.7
2010-08-16,99.6,51.7
2010-08-17,100.9,50.8
2010-08-18,101.0,50.3
2010-08-19,99.3,50.2
2010-08-20,98.9,49.5
2010-08-23,98.6,49.6
2010-08-24,97.1,49.6
2010-08-25,97.5,50.5
2010-08-26,96.7,49.8
2010-08-27,98.3,49.9
2010-08-30,96.9,51.7
2010-08-31,96.9,52.0
2010-09-01,99.8,52.5
2010-09-02,100.7,51.8
2010-09-03,102.1,52.2
2010-09-07,100.9,52.7
2010-09-08,101.6,52.8
2010-09-09,102.1,53.8
2010-09-10,102.6,54.1
2010-09-13,103.7,54.2
2010-09-14,103.7,53.9
2010-09-15,104.0,53.6
2010-09-16,104.0,54.6
2010-09-17,104.1,54.6
2010-09-20,105.7,54.5
2010-09-21,105.4,53.9
2010-09-22,104.9,55.4
2010-09-23,103.5,55.1
2010-09-24,105.7,55.4
2010-09-27,105.1,55.3
2010-09-28,105.6,54.9
2010-09-29,105.4,55.5
2010-09-30,105.1,54.7
2010-10-01,105.5,56.2
2010-10-04,104.7,56.7
2010-10-05,106.9,56.5
2010-10-06,106.8,56.9
2010-10-07,106.7,56.8
2010-10-08,107.3,56.7
2010-10-11,107.3,57.3
2010-10-12,107.8,57.7
2010-10-13,108.5,57.5
2010-10-14,108.1,57.7
2010-10-15,108.3,56.4
2010-10-18,109.1,57.5
2010-10-19,107.4,57.1
2010-10-20,108.6,57.3
2010-10-21,108.8,57.5
2010-10-22,109.0,57.1
2010-10-25,109.2,56.6
2010-10-26,109.2,57.0
2010-10-27,109.0,57.0
2010-10-28,109.1,56.8
2010-10-29,109.0,57.7
2010-11-01,109.1,58.1
2010-11-02,110.0,59.5
2010-11-03,110.4,59.2
2010-11-04,112.6,58.8
2010-11-05,113.0,58.3
2010-11-08,112.8,58.4
2010-11-09,111.9,57.9
2010-11-10,112.4,57.4
2010-11-11,111.9,57.4
2010-11-12,110.6,56.1
2010-11-15,110.5,56.4
2010-11-16,108.7,57.8
2010-11-17,108.8,57.8
2010-11-18,110.4,57.2
2010-11-19,110.7,55.4
2010-11-22,110.6,56.3
2010-11-23,109.0,55.4
2010-11-24,110.6,54.9
2010-11-26,109.8,54.3
2010-11-29,109.7,55.8
2010-11-30,109.0,56.9
2010-12-01,111.4,57.4
2010-12-02,112.8,57.2
2010-12-03,113.1,57.2
2010-12-06,113.0,57.4
2010-12-07,113.1,57.5
2010-12-08,113.5,57.6
2010-12-09,113.9,58.3
2010-12-10,114.6,58.3
2010-12-13,114.7,57.6
2010-12-14,114.8,57.9
2010-12-15,114.2,57.6
2010-12-16,114.9,57.7
2010-12-17,115.0,57.6
2010-12-20,115.3,57.8
2010-12-21,116.0,57.7
2010-12-22,116.4,57.6
2010-12-23,115.7,57.7
2010-12-27,115.8,58.2
2010-12-28,115.9,57.9
2010-12-29,116.0,58.2
2010-12-30,115.8,58.7
2010-12-31,115.8,58.5
2011-01-03,117.1,58.3
2011-01-04,117.0,57.6
2011-01-05,117.6,57.4
2011-01-06,117.4,57.3
2011-01-07,117.2,57.7
2011-01-10,117.0,58.9
2011-01-11,117.4,59.1
2011-01-12,118.5,59.5
2011-01-13,118.3,59.8
2011-01-14,119.2,59.4
2011-01-18,119.3,58.9
2011-01-19,118.2,59.2
2011-01-20,118.0,59.9
2011-01-21,118.3,59.8
2011-01-24,119.0,60.1
2011-01-25,119.0,60.3
2011-01-26,119.5,58.9
2011-01-27,119.8,59.4
2011-01-28,117.7,60.9
2011-01-31,118.6,60.8
2011-02-01,120.5,60.8
2011-02-02,120.2,60.8
2011-02-03,120.5,61.0
2011-02-04,120.9,61.4
2011-02-07,121.6,61.2
2011-02-08,122.2,60.8
2011-02-09,121.8,60.8
2011-02-10,121.9,61.0
2011-02-11,122.6,60.8
2011-02-14,122.9,61.5
2011-02-15,122.6,61.7
2011-02-16,123.4,61.9
2011-02-17,123.8,60.1
2011-02-18,124.0,60.2
2011-02-22,121.4,60.3
2011-02-23,120.7,61.0
2011-02-24,120.6,61.6
2011-02-25,121.9,60.7
2011-02-28,122.6,61.0
2011-03-01,120.7,61.8
2011-03-02,120.9,61.2
2011-03-03,123.0,60.6
2011-03-04,122.1,60.9
2011-03-07,121.1,60.9
2011-03-08,122.2,59.4
2011-03-09,122.0,59.3
2011-03-10,119.7,58.3
2011-03-11,120.6,57.1
2011-03-14,119.8,55.3
2011-03-15,118.5,57.1
2011-03-16,116.2,57.9
2011-03-17,117.8,59.4
2011-03-18,118.3,59.2
2011-03-21,120.0,59.3
2011-03-22,119.6,60.0
2011-03-23,120.0,59.4
2011-03-24,120.6,59.4
2011-03-25,121.0,59.7
2011-03-28,120.6,60.4
2011-03-29,121.5,60.1
2011-03-30,122.3,60.7
2011-03-31,122.1,60.7
2011-04-01,122.7,60.6
2011-04-04,122.8,61.1
2011-04-05,122.8,60.8
2011-04-06,123.1,61.3
2011-04-07,122.9,61.2
2011-04-08,122.4,60.6
2011-04-11,122.1,60.7
2011-04-12,121.1,61.0
2011-04-13,121.2,61.0
2011-04-14,121.2,59.7
2011-04-15,121.6,60.1
2011-04-18,120.3,61.7
2011-04-19,121.0,62.1
2011-04-20,122.6,62.1
2011-04-21,123.3,62.6
2011-04-25,123.1,63.3
2011-04-26,124.2,63.8
2011-04-27,125.0,63.5
2011-04-28,125.4,63.9
2011-04-29,125.7,63.4
2011-05-02,125.5,62.8
2011-05-03,125.1,61.6
2011-05-04,124.2,61.6
2011-05-05,123.1,62.0
2011-05-06,123.6,62.6
2011-05-09,124.2,61.4
2011-05-10,125.2,61.6
2011-05-11,123.8,60.6
2011-05-12,124.5,60.5
2011-05-13,123.5,60.6
2011-05-16,122.7,61.0
2011-05-17,122.7,61.4
2011-05-18,123.8,60.4
2011-05-19,124.1,59.1
2011-05-20,123.1,59.4
2011-05-23,121.7,59.8
2011-05-24,121.6,60.4
2011-05-25,121.9,60.8
2011-05-26,122.5,62.1
2011-05-27,123.0,60.6
2011-05-31,124.3,60.9
2011-06-01,121.5,60.9
2011-06-02,121.3,60.1
2011-06-03,120.2,60.7
2011-06-06,118.9,59.9
2011-06-07,118.8,60.6
2011-06-08,118.3,59.1
2011-06-09,119.2,59.2
2011-06-10,117.5,60.3
2011-06-13,117.6,58.3
2011-06-14,119.1,58.1
2011-06-15,117.0,58.7
2011-06-16,117.2,58.6
2011-06-17,117.6,59.9
2011-06-20,118.2,58.1
2011-06-21,119.8,57.7
2011-06-22,119.1,57.1
2011-06-23,118.2,57.6
2011-06-24,116.8,58.3
2011-06-27,117.9,59.3
2011-06-28,119.4,60.1
2011-06-29,120.4,60.8
2011-06-30,121.7,60.4
2011-07-01,123.4,60.1
2011-07-05,123.3,60.6
2011-07-06,123.4,59.8
2011-07-07,124.7,58.0
2011-07-08,123.8,57.7
2011-07-11,121.6,58.5
2011-07-12,121.1,58.0
2011-07-13,121.5,58.2
2011-07-14,120.6,57.3
2011-07-15,121.3,58.2
2011-07-18,120.3,58.9
2011-07-19,122.3,60.1
2011-07-20,122.2,60.2
2011-07-21,123.9,59.8
2011-07-22,124.0,60.2
2011-07-25,123.3,58.7
2011-07-26,122.8,58.6
2011-07-27,120.3,58.7
2011-07-28,119.9,58.0
2011-07-29,119.2,56.4
2011-08-01,118.7,56.8
2011-08-02,115.6,52.8
2011-08-03,116.3,53.8
2011-08-04,110.7,49.7
2011-08-05,110.6,53.1
2011-08-08,103.3,49.9
2011-08-09,108.2,52.3
2011-08-10,103.4,52.9
2011-08-11,108.3,54.1
2011-08-12,108.8,53.3
2011-08-15,111.2,53.7
2011-08-16,110.1,51.0
2011-08-17,110.3,50.2
2011-08-18,105.4,50.5
2011-08-19,103.8,52.2
2011-08-22,103.8,52.2
2011-08-23,107.4,50.9
2011-08-24,108.8,51.7
2011-08-25,107.1,52.9
2011-08-26,108.7,52.6
2011-08-29,111.8,53.6
2011-08-30,112.1,52.9
2011-08-31,112.7,51.7
2011-09-01,111.3,50.0
2011-09-02,108.5,51.5
2011-09-06,107.7,50.5
2011-09-07,110.8,48.8
2011-09-08,109.7,48.6
2011-09-09,106.7,49.1
2011-09-12,107.5,49.8
2011-09-13,108.5,50.9
2011-09-14,110.0,50.9
2011-09-15,111.9,49.5
2011-09-16,112.5,49.7
2011-09-19,111.4,48.3
2011-09-20,111.2,46.7
2011-09-21,108.0,47.2
2011-09-22,104.0,48.2
2011-09-23,104.6,49.4
2011-09-26,107.1,48.5
2011-09-27,108.2,49.5
2011-09-28,106.0,47.8
2011-09-29,106.8,46.5
2011-09-30,104.2,47.3
2011-10-03,101.2,48.0
2011-10-04,103.5,49.3
2011-10-05,105.4,49.0
2011-10-06,107.3,50.8
2011-10-07,106.5,50.8
2011-10-10,110.1,51.5
2011-10-11,110.2,51.5
2011-10-12,111.3,52.1
2011-10-13,110.9,50.9
2011-10-14,112.9,51.7
2011-10-17,110.7,50.7
2011-10-18,112.9,50.9
2011-10-19,111.5,52.1
2011-10-20,112.1,52.9
2011-10-21,114.2,52.0
2011-10-24,115.6,52.7
2011-10-25,113.3,55.4
2011-10-26,114.5,55.2
2011-10-27,118.4,52.4
2011-10-28,118.5,50.7
2011-10-31,115.6,51.2
2011-11-01,112.3,52.5
2011-11-02,114.2,51.8
2011-11-03,116.3,52.0
2011-11-04,115.6,52.6
2011-11-07,116.3,50.0
2011-11-08,117.8,50.5
2011-11-09,113.4,51.8
2011-11-10,114.4,50.9
2011-11-11,116.7,50.7
2011-11-14,115.6,49.8
2011-11-15,116.1,49.2
2011-11-16,114.2,49.4
2011-11-17,112.3,48.2
2011-11-18,112.3,48.0
2011-11-21,110.2,46.7
2011-11-22,109.8,46.5
2011-11-23,107.3,48.4
2011-11-25,107.1,48.8
2011-11-28,110.2,51.3
2011-11-29,110.5,50.8
2011-11-30,115.3,50.8
2011-12-01,115.1,51.4
2011-12-02,115.0,51.1
2011-12-05,116.2,51.5
2011-12-06,116.4,49.8
2011-12-07,116.6,51.0
2011-12-08,114.2,49.5
2011-12-09,116.1,48.9
2011-12-12,114.4,48.3
2011-12-13,113.4,48.6
2011-12-14,112.1,48.4
2011-12-15,112.5,47.9
2011-12-16,112.9,49.0
2011-12-19,111.5,48.7
2011-12-20,114.9,49.2
2011-12-21,115.1,49.5
2011-12-22,115.4,49.3
2011-12-23,116.5,48.4
2011-12-27,116.5,49.3
2011-12-28,115.1,49.5
2011-12-29,116.3,50.9
2011-12-30,115.8,50.6
2012-01-03,117.6,49.8
2012-01-04,117.6,49.2
2012-01-05,118.0,49.4
2012-01-06,117.7,50.1
2012-01-09,118.0,50.0
2012-01-10,119.0,50.1
2012-01-11,119.1,49.6
2012-01-12,119.4,50.2
2012-01-13,118.8,51.0
2012-01-17,119.2,51.7
2012-01-18,120.5,51.9
2012-01-19,121.1,52.1
2012-01-20,121.2,51.8
2012-01-23,121.3,52.4
2012-01-24,121.2,52.4
2012-01-25,122.2,52.5
2012-01-26,121.5,51.9
2012-01-27,121.3,52.1
2012-01-30,121.0,53.0
2012-01-31,121.0,53.9
2012-02-01,122.1,53.6
2012-02-02,122.2,54.0
2012-02-03,124.0,54.2
2012-02-06,124.0,54.3
2012-02-07,124.2,53.3
2012-02-08,124.5,53.9
2012-02-09,124.7,53.5
2012-02-10,123.8,53.5
2012-02-13,124.7,54.3
2012-02-14,124.6,54.5
2012-02-15,124.0,54.5
2012-02-16,125.4,54.3
2012-02-17,125.7,54.8
2012-02-21,125.8,55.2
2012-02-22,125.3,54.9
2012-02-23,125.9,55.4
2012-02-24,126.1,54.7
2012-02-27,126.3,55.3
2012-02-28,126.8,54.8
2012-02-29,126.2,54.5
2012-03-01,127.0,52.7
2012-03-02,126.6,53.4
2012-03-05,126.1,54.5
2012-03-06,124.1,54.4
2012-03-07,125.0,54.2
2012-03-08,126.3,55.1
2012-03-09,126.7,54.6
2012-03-12,126.8,55.1
2012-03-13,129.1,55.5
2012-03-14,128.9,55.8
2012-03-15,129.7,55.2
2012-03-16,129.9,54.8
2012-03-19,130.4,54.4
2012-03-20,130.0,54.8
2012-03-21,129.8,55.5
2012-03-22,128.8,55.1
2012-03-23,128.7,54.8
2012-03-26,130.5,54.4
2012-03-27,130.1,54.9
2012-03-28,129.5,55.5
2012-03-29,129.3,54.6
2012-03-30,129.8,53.4
2012-04-02,130.8,53.0
2012-04-03,130.3,52.8
2012-04-04,128.9,51.7
2012-04-05,128.9,52.4
2012-04-09,127.4,53.3
2012-04-10,125.3,52.3
2012-04-11,126.2,52.7
2012-04-12,128.0,53.5
2012-04-13,126.4,53.3
2012-04-16,126.3,52.9
2012-04-17,128.3,53.4
2012-04-18,127.7,52.4
2012-04-19,127.0,52.8
2012-04-20,127.1,53.5
2012-04-23,126.1,53.8
2012-04-24,126.5,54.1
2012-04-25,128.3,53.8
2012-04-26,129.1,54.0
2012-04-27,129.4,53.6
2012-04-30,128.9,53.1
2012-05-01,129.7,52.3
2012-05-02,129.4,52.7
2012-05-03,128.4,51.9
2012-05-04,126.3,51.3
2012-05-07,126.4,51.5
2012-05-08,125.8,51.2
2012-05-09,125.0,50.2
2012-05-10,125.4,49.6
2012-05-11,125.0,49.0
2012-05-14,123.6,48.5
2012-05-15,122.9,48.1
2012-05-16,122.4,49.2
2012-05-17,120.6,49.0
2012-05-18,119.7,48.6
2012-05-21,121.6,48.3
2012-05-22,121.7,48.1
2012-05-23,121.9,48.7
2012-05-24,122.1,47.6
2012-05-25,121.8,47.8
2012-05-29,123.2,46.6
2012-05-30,121.4,47.0
2012-05-31,121.2,47.2
2012-06-01,118.2,48.6
2012-06-04,118.2,48.7
2012-06-05,118.9,48.5
2012-06-06,121.7,48.0
2012-06-07,121.7,48.9
2012-06-08,122.7,48.4
2012-06-11,121.1,48.8
2012-06-12,122.5,49.5
2012-06-13,121.7,49.4
2012-06-14,123.0,50.2
2012-06-15,124.3,50.5
2012-06-18,124.5,48.0
2012-06-19,125.7,48.5
2012-06-20,125.5,47.4
2012-06-21,122.7,47.7
2012-06-22,123.0,48.1
2012-06-25,121.0,48.2
2012-06-26,121.6,50.0
2012-06-27,122.7,50.3
2012-06-28,122.5,50.8
2012-06-29,125.6,49.9
2012-07-02,125.9,49.4
2012-07-03,126.7,49.3
2012-07-05,126.1,49.0
2012-07-06,124.9,49.2
2012-07-09,124.7,48.7
2012-07-10,123.7,49.3
2012-07-11,123.7,49.3
2012-07-12,123.1,49.5
2012-07-13,125.1,49.9
2012-07-16,124.8,50.3
2012-07-17,125.8,49.2
2012-07-18,126.6,48.1
2012-07-19,127.0,47.6
2012-07-20,125.7,47.9
2012-07-23,124.6,49.3
2012-07-24,123.5,50.4
2012-07-25,123.4,50.3
2012-07-26,125.5,50.0
2012-07-27,127.9,50.0
2012-07-30,127.8,49.3
2012-07-31,127.3,51.0
2012-08-01,126.9,51.4
2012-08-02,126.0,51.8
2012-08-03,128.4,51.8
2012-08-06,128.7,51.8
2012-08-07,129.4,51.9
2012-08-08,129.5,51.6
2012-08-09,129.6,51.7
2012-08-10,129.9,51.6
2012-08-13,129.7,52.2
2012-08-14,129.7,52.3
2012-08-15,129.9,52.2
2012-08-16,130.9,52.5
2012-08-17,131.1,52.5
2012-08-20,131.1,52.2
2012-08-21,130.6,52.1
2012-08-22,130.7,52.1
2012-08-23,129.6,52.1
2012-08-24,130.5,51.9
2012-08-27,130.4,51.2
2012-08-28,130.3,51.6
2012-08-29,130.5,51.3
2012-08-30,129.5,51.2
2012-08-31,130.1,52.5
2012-09-04,130.0,53.3
2012-09-05,129.9,52.8
2012-09-06,132.5,53.4
2012-09-07,133.1,53.8
2012-09-10,132.3,54.6
2012-09-11,132.7,55.2
2012-09-12,133.0,54.9
2012-09-13,135.2,54.6
2012-09-14,135.7,54.9
2012-09-17,135.3,54.5
2012-09-18,135.1,54.5
2012-09-19,135.3,54.4
2012-09-20,135.2,54.0
2012-09-21,134.6,53.5
2012-09-24,134.3,54.1
2012-09-25,132.9,53.0
2012-09-26,132.1,53.4
2012-09-27,133.4,53.6
2012-09-28,132.8,53.4
2012-10-01,133.2,54.1
2012-10-02,133.3,54.1
2012-10-03,133.8,53.8
2012-10-04,134.8,53.0
2012-10-05,134.8,52.9
2012-10-08,134.3,53.2
2012-10-09,133.0,53.2
2012-10-10,132.2,53.7
2012-10-11,132.2,54.6
2012-10-12,131.8,55.1
2012-10-15,132.9,54.9
2012-10-16,134.3,54.1
2012-10-17,134.8,54.5
2012-10-18,134.5,53.4
2012-10-19,132.3,53.4
2012-10-22,132.3,53.7
2012-10-23,130.4,53.6
2012-10-24,130.0,53.6
2012-10-25,130.4,54.2
2012-10-26,130.3,53.7
2012-10-31,130.4,53.6
2012-11-01,131.8,54.1
2012-11-02,130.6,53.3
2012-11-05,130.9,52.8
2012-11-06,131.9,52.8
2012-11-07,128.9,52.8
2012-11-08,127.3,52.5
2012-11-09,127.5,52.0
2012-11-12,127.5,52.1
2012-11-13,127.1,52.1
2012-11-14,125.3,53.2
2012-11-15,125.2,53.3
2012-11-16,125.8,53.4
2012-11-19,128.3,54.5
2012-11-20,128.4,54.4
2012-11-21,128.7,54.1
2012-11-23,130.4,54.5
2012-11-26,130.1,55.0
2012-11-27,129.4,55.1
2012-11-28,130.5,55.1
2012-11-29,131.1,55.3
2012-11-30,131.1,55.4
2012-12-03,130.5,55.5
2012-12-04,130.3,55.5
2012-12-05,130.5,55.6
2012-12-06,131.0,55.9
2012-12-07,131.4,56.1
2012-12-10,131.4,55.9
2012-12-11,132.3,56.1
2012-12-12,132.4,56.3
2012-12-13,131.6,56.3
2012-12-14,131.0,56.5
2012-12-17,132.6,56.9
2012-12-18,134.1,56.5
2012-12-19,133.1,56.4
2012-12-20,133.8,56.4
2012-12-21,131.7,56.6
2012-12-24,131.4,56.0
2012-12-26,130.8,56.9
2012-12-27,130.6,57.7
2012-12-28,129.2,57.2
2012-12-31,131.4,57.5
2013-01-02,134.7,57.2
2013-01-03,134.5,56.9
2013-01-04,135.1,57.2
2013-01-07,134.7,57.9
2013-01-08,134.3,58.0
2013-01-09,134.6,58.1
2013-01-10,135.7,58.0
2013-01-11,135.7,57.7
2013-01-14,135.6,58.2
2013-01-15,135.7,58.2
2013-01-16,135.8,58.2
2013-01-17,136.5,58.1
2013-01-18,137.0,58.4
2013-01-22,137.6,59.0
2013-01-23,137.8,58.7
2013-01-24,137.8,59.1
2013-01-25,138.6,59.2
2013-01-28,138.3,59.0
2013-01-29,139.0,59.5
2013-01-30,138.5,58.4
2013-01-31,138.2,58.7
2013-02-01,139.6,58.6
2013-02-04,137.9,58.2
2013-02-05,139.4,58.5
2013-02-06,139.5,58.5
2013-02-07,139.3,58.8
2013-02-08,140.1,58.9
2013-02-11,140.0,58.6
2013-02-12,140.2,58.4
2013-02-13,140.4,59.1
2013-02-14,140.5,58.5
2013-02-15,140.4,57.7
2013-02-19,141.4,58.5
2013-02-20,139.7,57.1
2013-02-21,138.8,57.6
2013-02-22,140.1,58.3
2013-02-25,137.5,58.2
2013-02-26,138.3,58.1
2013-02-27,140.1,58.4
2013-02-28,140.0,58.9
2013-03-01,140.4,59.1
2013-03-04,141.0,59.3
2013-03-05,142.4,59.4
2013-03-06,142.5,59.6
2013-03-07,142.8,59.3
2013-03-08,143.5,59.2
2013-03-11,143.9,59.8
2013-03-12,143.6,59.9
2013-03-13,143.8,59.2
2013-03-14,144.6,59.0
2013-03-15,144.4,59.4
2013-03-18,143.6,58.9
2013-03-19,143.3,59.4
2013-03-20,144.2,58.6
2013-03-21,142.4,59.0
2013-03-22,143.4,58.7
2013-03-25,142.9,59.0
2013-03-26,144.1,58.2
2013-03-27,144.0,58.8
2013-03-28,144.6,58.5
2013-04-01,144.0,59.0
2013-04-02,144.7,58.8
2013-04-03,143.2,59.0
2013-04-04,143.8,59.2
2013-04-05,143.2,60.1
2013-04-08,144.1,60.6
2013-04-09,144.6,60.4
2013-04-10,146.4,59.2
2013-04-11,146.9,60.1
2013-04-12,146.5,58.8
2013-04-15,143.2,58.6
2013-04-16,145.2,59.1
2013-04-17,143.1,59.4
2013-04-18,142.2,60.2
2013-04-19,143.4,60.7
2013-04-22,144.1,61.0
2013-04-23,145.6,61.1
2013-04-24,145.6,61.9
2013-04-25,146.2,61.9
2013-04-26,146.0,61.6
2013-04-29,147.0,61.8
2013-04-30,147.4,62.6
2013-05-01,146.0,62.5
2013-05-02,147.4,62.6
2013-05-03,149.0,63.2
2013-05-06,149.2,62.6
2013-05-07,150.0,62.7
2013-05-08,150.7,62.7
2013-05-09,150.2,62.8
2013-05-10,150.9,63.1
2013-05-13,150.9,62.6
2013-05-14,152.5,63.1
2013-05-15,153.3,63.4
2013-05-16,152.5,63.5
2013-05-17,154.1,62.9
2013-05-20,154.0,62.0
2013-05-21,154.3,61.5
2013-05-22,153.0,61.6
2013-05-23,152.6,61.0
2013-05-24,152.5,61.3
2013-05-28,153.5,60.1
2013-05-29,152.4,60.3
2013-05-30,153.0,60.5
2013-05-31,150.8,59.2
2013-06-03,151.7,59.5
2013-06-04,150.9,60.3
2013-06-05,148.8,60.4
2013-06-06,150.1,59.6
2013-06-07,152.1,59.6
2013-06-10,152.0,60.5
2013-06-11,150.5,59.8
2013-06-12,149.2,60.7
2013-06-13,151.5,61.1
2013-06-14,150.6,60.0
2013-06-17,151.7,57.8
2013-06-18,152.9,57.9
2013-06-19,150.8,57.0
2013-06-20,147.0,57.8
2013-06-21,146.7,58.0
2013-06-24,144.9,57.4
2013-06-25,146.3,57.3
2013-06-26,147.8,57.8
2013-06-27,148.7,57.6
2013-06-28,148.1,57.6
2013-07-01,148.9,57.8
2013-07-02,148.8,58.2
2013-07-03,148.9,58.5
2013-07-05,150.5,58.7
2013-07-08,151.3,60.2
2013-07-09,152.4,59.8
2013-07-10,152.4,60.2
2013-07-11,154.5,60.1
2013-07-12,155.0,60.3
2013-07-15,155.2,60.7
2013-07-16,154.6,60.7
2013-07-17,155.1,61.0
2013-07-18,155.9,61.1
2013-07-19,156.1,61.1
2013-07-22,156.4,61.2
2013-07-23,156.1,60.8
2013-07-24,155.6,60.2
2013-07-25,155.9,60.2
2013-07-26,156.1,60.4
2013-07-29,155.5,61.2
2013-07-30,155.6,61.7
2013-07-31,155.6,61.5
2013-08-01,157.5,61.5
2013-08-02,157.8,61.2
2013-08-05,157.6,61.7
2013-08-06,156.7,61.8
2013-08-07,156.1,61.7
2013-08-08,156.8,62.1
2013-08-09,156.2,62.1
2013-08-12,156.1,61.6
2013-08-13,156.5,61.7
2013-08-14,155.8,61.3
2013-08-15,153.6,61.2
2013-08-16,153.1,60.5
2013-08-19,152.2,61.0
2013-08-20,152.7,61.6
2013-08-21,151.9,61.1
2013-08-22,153.2,60.1
2013-08-23,153.8,60.0
2013-08-26,153.2,59.9
2013-08-27,150.8,59.2
2013-08-28,151.2,60.3
2013-08-29,151.5,60.9
2013-08-30,151.0,60.8
2013-09-03,151.7,61.1
2013-09-04,152.9,62.0
2013-09-05,153.1,62.7
2013-09-06,153.2,62.9
2013-09-09,154.7,62.5
2013-09-10,155.8,62.8
2013-09-11,156.3,63.3
2013-09-12,155.8,63.4
2013-09-13,156.3,65.1
2013-09-16,157.1,64.7
2013-09-17,157.8,64.3
2013-09-18,159.7,64.3
2013-09-19,159.5,64.2
2013-09-20,157.6,64.2
2013-09-23,156.8,64.5
2013-09-24,156.4,64.3
2013-09-25,156.0,63.8
2013-09-26,156.6,64.1
2013-09-27,156.0,64.1
2013-09-30,155.0,63.7
2013-10-01,156.3,63.9
2013-10-02,156.2,63.2
2013-10-03,154.8,62.7
2013-10-04,155.9,63.0
2013-10-07,154.6,64.1
2013-10-08,152.7,64.4
2013-10-09,152.8,64.7
2013-10-10,156.2,64.4
2013-10-11,157.1,64.8
2013-10-14,157.8,65.7
2013-10-15,156.7,66.1
2013-10-16,158.9,66.2
2013-10-17,159.9,66.8
2013-10-18,161.0,66.2
2013-10-21,161.0,66.7
2013-10-22,161.9,66.5
2013-10-23,161.1,66.4
2013-10-24,161.7,66.5
2013-10-25,162.4,66.3
2013-10-28,162.6,65.9
2013-10-29,163.5,65.6
2013-10-30,162.7,65.9
2013-10-31,162.1,65.3
2013-11-01,162.6,65.9
2013-11-04,163.2,64.8
2013-11-05,162.7,65.2
2013-11-06,163.5,65.4
2013-11-07,161.4,65.1
2013-11-08,163.6,65.4
2013-11-11,163.7,65.6
2013-11-12,163.3,66.2
2013-11-13,164.7,66.2
2013-11-14,165.5,66.0
2013-11-15,166.2,65.6
2013-11-18,165.6,66.0
2013-11-19,165.3,66.2
2013-11-20,164.7,66.0
2013-11-21,166.0,66.0
2013-11-22,166.9,66.1
2013-11-25,166.7,66.2
2013-11-26,166.7,65.8
2013-11-27,167.2,65.3
2013-11-29,167.0,64.9
2013-12-02,166.6,64.6
2013-12-03,166.1,65.4
2013-12-04,165.9,65.3
2013-12-05,165.2,65.2
2013-12-06,167.1,64.6
2013-12-09,167.4,64.1
2013-12-10,166.8,64.1
2013-12-11,165.0,64.5
2013-12-12,164.4,64.3
2013-12-13,164.4,64.7
2013-12-16,165.4,64.7
2013-12-17,164.9,65.1
2013-12-18,167.6,65.7
2013-12-19,167.6,65.9
2013-12-20,168.4,66.2
2013-12-23,168.4,66.6
2013-12-24,168.9,66.9
2013-12-26,169.7,67.1
2013-12-27,169.7,65.9
2013-12-30,169.7,66.0
2013-12-31,170.4,65.9
2014-01-02,168.9,66.3
2014-01-03,168.8,66.3
2014-01-06,168.4,66.2
2014-01-07,169.4,66.8
2014-01-08,169.4,66.2
2014-01-09,169.5,66.8
2014-01-10,169.9,67.0
2014-01-13,167.8,67.0
2014-01-14,169.6,66.8
2014-01-15,170.5,67.1
2014-01-16,170.2,67.1
2014-01-17,169.6,66.7
2014-01-21,170.1,64.9
2014-01-22,170.2,64.6
2014-01-23,168.6,65.1
2014-01-24,165.1,64.4
2014-01-27,164.3,64.7
2014-01-28,165.3,63.6
2014-01-29,163.7,62.3
2014-01-30,165.5,63.0
2014-01-31,164.4,63.2
2014-02-03,160.7,64.3
2014-02-04,161.9,65.1
2014-02-05,161.6,64.9
2014-02-06,163.7,65.9
2014-02-07,165.9,66.0
2014-02-10,166.2,66.2
2014-02-11,168.0,66.5
2014-02-12,168.1,67.1
2014-02-13,169.1,66.6
2014-02-14,169.9,66.8
2014-02-18,170.1,67.0
2014-02-19,169.0,67.6
2014-02-20,170.1,67.4
2014-02-21,169.8,67.2
2014-02-24,170.8,67.4
2014-02-25,170.6,67.5
2014-02-26,170.6,66.1
2014-02-27,171.5,67.4
2014-02-28,171.9,67.3
2014-03-03,170.7,68.0
2014-03-04,173.3,67.7
2014-03-05,173.3,67.2
2014-03-06,173.6,66.8
2014-03-07,173.8,66.5
2014-03-10,173.7,65.3
2014-03-11,172.8,65.1
2014-03-12,172.9,65.9
2014-03-13,170.9,66.4
2014-03-14,170.4,65.5
2014-03-17,172.1,65.3
2014-03-18,173.3,65.2
2014-03-19,172.2,65.3
2014-03-20,173.3,66.0
2014-03-21,172.0,66.0
2014-03-24,171.2,66.4
2014-03-25,172.0,66.9
2014-03-26,170.8,67.2
2014-03-27,170.5,67.6
2014-03-28,171.3,67.8
2014-03-31,172.6,67.6
2014-04-01,173.9,67.4
2014-04-02,174.4,67.0
2014-04-03,174.2,67.0
2014-04-04,172.0,67.9
2014-04-07,170.2,66.7
2014-04-08,170.9,66.3
2014-04-09,172.7,66.6
2014-04-10,169.1,66.4
2014-04-11,167.5,67.2
2014-04-14,168.9,67.5
2014-04-15,170.1,67.6
2014-04-16,171.8,67.9
2014-04-17,172.1,67.7
2014-04-21,172.7,67.7
2014-04-22,173.4,67.4
2014-04-23,173.1,67.6
2014-04-24,173.4,68.1
2014-04-25,172.0,68.3
2014-04-28,172.5,68.5
2014-04-29,173.4,68.4
2014-04-30,173.9,68.4
2014-05-01,173.9,68.2
2014-05-02,173.6,68.3
2014-05-05,174.0,68.3
2014-05-06,172.4,68.2
2014-05-07,173.4,68.7
2014-05-08,173.3,68.8
2014-05-09,173.6,68.6
2014-05-12,175.2,68.3
2014-05-13,175.4,68.5
2014-05-14,174.6,68.4
2014-05-15,172.9,67.9
2014-05-16,173.6,68.5
2014-05-19,174.3,68.5
2014-05-20,173.1,68.7
2014-05-21,174.6,69.2
2014-05-22,175.0,69.0
2014-05-23,175.8,69.4
2014-05-27,176.8,69.4
2014-05-28,176.6,69.6
2014-05-29,177.6,69.4
2014-05-30,177.9,69.4
2014-06-02,178.1,69.8
2014-06-03,178.0,70.2
2014-06-04,178.4,70.2
2014-06-05,179.6,70.0
2014-06-06,180.4,69.7
2014-06-09,180.6,69.7
2014-06-10,180.6,69.7
2014-06-11,179.9,69.7
2014-06-12,178.7,69.7
2014-06-13,179.3,70.3
2014-06-16,179.4,70.7
2014-06-17,179.8,70.6
2014-06-18,181.2,70.4
2014-06-19,181.5,69.9
2014-06-20,181.0,68.2
2014-06-23,181.0,68.3
2014-06-24,179.8,68.3
2014-06-25,180.7,68.4
2014-06-26,180.5,69.0
2014-06-27,180.9,69.1
2014-06-30,180.8,69.2
2014-07-01,182.1,68.7
2014-07-02,182.2,68.0
2014-07-03,183.2,68.2
2014-07-07,182.5,67.4
2014-07-08,181.3,67.5
2014-07-09,182.1,68.0
2014-07-10,181.4,67.8
2014-07-11,181.6,68.2
2014-07-14,182.5,67.4
2014-07-15,182.2,67.9
2014-07-16,182.9,67.6
2014-07-17,180.8,67.9
2014-07-18,182.6,68.1
2014-07-21,182.2,68.2
2014-07-22,183.1,68.0
2014-07-23,183.5,68.0
2014-07-24,183.6,67.8
2014-07-25,182.7,67.7
2014-07-28,182.7,66.6
2014-07-29,181.9,66.1
2014-07-30,181.9,66.4
2014-07-31,178.3,65.6
2014-08-01,177.8,65.4
2014-08-04,179.1,64.9
2014-08-05,177.4,65.3
2014-08-06,177.4,65.5
2014-08-07,176.5,65.5
2014-08-08,178.5,65.9
2014-08-11,179.0,66.2
2014-08-12,178.8,66.1
2014-08-13,180.0,66.6
2014-08-14,180.8,66.7
2014-08-15,180.8,66.5
2014-08-18,182.4,66.8
2014-08-19,183.3,66.5
2014-08-20,183.8,66.9
2014-08-21,184.3,66.9
2014-08-22,184.0,67.0
2014-08-25,184.9,66.7
2014-08-26,185.0,66.7
2014-08-27,185.1,66.8
2014-08-28,184.8,67.3
2014-08-29,185.4,67.0
2014-09-02,185.3,67.0
2014-09-03,185.2,66.3
2014-09-04,184.9,66.1
2014-09-05,185.9,66.5
2014-09-08,185.3,66.1
2014-09-09,184.1,66.0
2014-09-10,184.8,65.9
2014-09-11,185.0,66.2
2014-09-12,183.9,65.7
2014-09-15,183.8,66.2
2014-09-16,185.2,66.0
2014-09-17,185.4,65.7
2014-09-18,186.4,65.1
2014-09-19,185.4,65.5
2014-09-22,183.9,64.5
2014-09-23,182.9,64.8
2014-09-24,184.3,64.2
2014-09-25,181.4,64.1
2014-09-26,182.9,63.4
2014-09-29,182.5,62.7
2014-09-30,182.0,62.7
2014-10-01,179.6,63.1
2014-10-02,179.6,62.0
2014-10-03,181.6,63.0
2014-10-06,181.3,61.3
2014-10-07,178.6,60.4
2014-10-08,181.8,60.3
2014-10-09,178.0,60.5
2014-10-10,176.0,60.1
2014-10-13,173.1,59.5
2014-10-14,173.4,60.6
2014-10-15,172.0,61.0
2014-10-16,172.0,61.8
2014-10-17,174.2,61.3
2014-10-20,175.8,61.9
2014-10-21,179.3,62.2
2014-10-22,178.0,61.9
2014-10-23,180.2,62.8
2014-10-24,181.4,62.3
2014-10-27,181.2,62.8
2014-10-28,183.3,64.0
2014-10-29,183.1,63.4
2014-10-30,184.2,63.0
2014-10-31,186.4,63.2
2014-11-03,186.4,62.8
2014-11-04,185.9,62.9
2014-11-05,187.0,63.1
2014-11-06,187.7,63.5
2014-11-07,187.8,63.0
2014-11-10,188.4,63.3
2014-11-11,188.6,63.4
2014-11-12,188.5,63.1
2014-11-13,188.6,63.8
2014-11-14,188.7,63.6
2014-11-17,188.8,63.2
2014-11-18,189.8,63.8
2014-11-19,189.6,64.2
2014-11-20,189.9,64.3
2014-11-21,190.9,64.5
2014-11-24,191.5,64.0
2014-11-25,191.3,63.9
2014-11-26,191.9,64.1
2014-11-28,191.4,64.0
2014-12-01,190.1,63.8
2014-12-02,191.3,64.0
2014-12-03,192.1,63.4
2014-12-04,191.9,63.1
2014-12-05,192.2,62.3
2014-12-08,190.8,62.2
2014-12-09,190.8,61.0
2014-12-10,187.7,60.0
2014-12-11,188.6,60.4
2014-12-12,185.5,60.5
2014-12-15,184.4,61.6
2014-12-16,182.8,61.7
2014-12-17,185.5,62.0
2014-12-18,190.0,61.8
2014-12-19,190.9,62.1
2014-12-22,191.6,62.2
2014-12-23,192.0,61.8
2014-12-24,192.0,61.2
2014-12-26,192.6,60.8
2014-12-29,192.8,60.6
2014-12-30,191.9,59.2
2014-12-31,189.9,58.5
2015-01-02,189.9,59.1
2015-01-05,186.4,59.9
2015-01-06,184.7,59.6
2015-01-07,186.9,59.5
2015-01-08,190.3,59.8
2015-01-09,188.7,59.6
2015-01-12,187.1,60.0
2015-01-13,186.7,60.8
2015-01-14,185.6,61.0
2015-01-15,183.9,61.5
2015-01-16,186.4,61.7
2015-01-20,186.7,61.4
2015-01-21,187.6,62.2
2015-01-22,190.4,62.3
2015-01-23,189.4,61.4
2015-01-26,189.9,62.2
2015-01-27,187.3,61.2
2015-01-28,184.8,62.0
2015-01-29,186.6,63.0
2015-01-30,184.2,62.4
2015-02-02,186.6,63.3
2015-02-03,189.3,62.5
2015-02-04,188.5,62.2
2015-02-05,190.5,62.8
2015-02-06,189.9,62.4
2015-02-09,189.1,63.4
2015-02-10,191.1,63.8
2015-02-11,191.2,64.0
2015-02-12,193.1,64.4
2015-02-13,193.9,64.4
2015-02-17,194.2,65.0
2015-02-18,194.2,64.8
2015-02-19,194.0,65.2
2015-02-20,195.2,65.3
2015-02-23,195.1,65.1
2015-02-24,195.7,65.1
2015-02-25,195.6,65.2
2015-02-26,195.3,64.8
2015-02-27,194.7,64.5
2015-03-02,195.9,64.7
2015-03-03,195.0,63.8
2015-03-04,194.2,63.9
2015-03-05,194.5,62.5
2015-03-06,191.7,62.7
2015-03-09,192.5,63.5
2015-03-10,189.3,63.1
2015-03-11,188.9,63.8
2015-03-12,191.4,63.6
2015-03-13,190.2,65.0
2015-03-16,192.8,64.2
2015-03-17,192.1,65.7
2015-03-18,194.5,66.0
2015-03-19,193.5,65.9
2015-03-20,194.3,65.5
2015-03-23,194.0,65.0
2015-03-24,192.8,65.1
2015-03-25,190.0,65.2
2015-03-26,189.6,64.2
2015-03-27,190.0,64.6
2015-03-30,192.4,65.2
2015-03-31,190.7,65.9
2015-04-01,190.0,65.8
2015-04-02,190.6,66.0
2015-04-06,191.9,66.1
2015-04-07,191.5,66.3
2015-04-08,192.1,65.8
2015-04-09,193.0,66.3
2015-04-10,194.0,66.6
2015-04-13,193.1,66.8
2015-04-14,193.4,66.0
2015-04-15,194.4,66.0
2015-04-16,194.3,66.6
2015-04-17,192.1,66.8
2015-04-20,193.8,67.0
2015-04-21,193.5,67.4
2015-04-22,194.5,67.7
2015-04-23,195.0,67.8
2015-04-24,195.4,67.2
2015-04-27,194.6,66.5
2015-04-28,195.2,67.3
2015-04-29,194.5,67.2
2015-04-30,192.5,66.2
2015-05-01,194.6,66.4
2015-05-04,195.2,66.1
2015-05-05,192.9,67.7
2015-05-06,192.1,67.1
2015-05-07,192.9,67.0
2015-05-08,195.5,67.5
2015-05-11,194.5,68.3
2015-05-12,194.0,68.4
2015-05-13,193.9,68.2
2015-05-14,196.1,67.9
2015-05-15,196.2,68.1
2015-05-18,196.8,68.4
2015-05-19,196.7,68.0
2015-05-20,196.6,66.8
2015-05-21,197.1,67.4
2015-05-22,196.6,67.3
2015-05-26,194.6,66.6
2015-05-27,196.4,66.5
2015-05-28,196.2,66.8
2015-05-29,195.0,67.1
2015-06-01,195.4,66.4
2015-06-02,195.2,65.6
2015-06-03,195.6,65.5
2015-06-04,194.0,65.2
2015-06-05,193.7,66.6
2015-06-08,192.5,66.7
2015-06-09,192.6,66.2
2015-06-10,194.9,65.8
2015-06-11,195.3,65.8
2015-06-12,193.9,65.6
2015-06-15,193.0,66.2
2015-06-16,194.1,66.1
2015-06-17,194.5,67.3
2015-06-18,196.5,67.5
2015-06-19,194.6,66.9
2015-06-22,195.8,65.8
2015-06-23,195.9,65.7
2015-06-24,194.5,63.7
2015-06-25,193.9,63.5
2015-06-26,193.9,63.9
2015-06-29,189.8,64.0
2015-06-30,190.4,62.7
2015-07-01,191.7,62.7
2015-07-02,191.7,61.3
2015-07-06,190.9,62.3
2015-07-07,192.1,64.3
2015-07-08,188.9,64.5
2015-07-09,189.4,65.1
2015-07-10,191.7,64.8
2015-07-13,193.9,65.4
2015-07-14,194.7,65.3
2015-07-15,194.6,65.5
2015-07-16,196.1,65.3
2015-07-17,196.4,64.8
2015-07-20,196.5,64.6
2015-07-21,195.7,63.9
2015-07-22,195.2,63.4
2015-07-23,194.1,64.2
2015-07-24,192.1,64.5
2015-07-27,190.9,64.4
2015-07-28,193.3,64.8
2015-07-29,194.7,64.6
2015-07-30,194.8,64.7
2015-07-31,194.3,65.0
2015-08-03,193.8,64.7
2015-08-04,193.4,64.6
2015-08-05,194.0,65.4
2015-08-06,192.6,64.4
2015-08-07,192.0,63.9
2015-08-10,194.5,63.9
2015-08-11,192.7,64.0
2015-08-12,192.9,63.9
2015-08-13,192.7,63.4
2015-08-14,193.4,62.8
2015-08-17,194.5,61.3
2015-08-18,194.0,59.9
2015-08-19,192.4,57.9
2015-08-20,188.4,58.4
2015-08-21,182.4,59.8
2015-08-24,175.2,60.5
2015-08-25,172.8,60.4
2015-08-26,179.6,60.0
2015-08-27,184.0,57.9
2015-08-28,184.1,58.8
2015-08-31,182.6,58.9
2015-09-01,177.2,57.6
2015-09-02,180.5,59.3
2015-09-03,180.7,59.1
2015-09-04,177.9,59.5
2015-09-08,182.4,59.4
2015-09-09,179.9,59.0
2015-09-10,180.9,59.4
2015-09-11,181.7,60.3
2015-09-14,181.0,60.3
2015-09-15,183.3,58.8
2015-09-16,184.9,58.8
2015-09-17,184.5,57.4
2015-09-18,180.6,57.1
2015-09-21,181.4,57.0
2015-09-22,179.2,57.4
2015-09-23,178.8,56.3
2015-09-24,178.2,56.3
2015-09-25,178.1,57.3
2015-09-28,173.6,57.5
2015-09-29,173.8,58.5
2015-09-30,177.1,59.6
2015-10-01,177.5,59.7
2015-10-02,180.1,60.5
2015-10-05,183.4,60.9
2015-10-06,182.7,61.1
2015-10-07,184.2,60.9
2015-10-08,185.9,60.2
2015-10-09,186.0,60.3
2015-10-12,186.2,61.3
2015-10-13,185.0,61.3
2015-10-14,184.1,61.1
2015-10-15,186.9,60.8
2015-10-16,187.7,60.8
2015-10-19,187.8,61.5
2015-10-20,187.5,62.1
2015-10-21,186.4,61.8
2015-10-22,189.5,61.3
2015-10-23,191.6,61.7
2015-10-26,191.3,61.2
2015-10-27,190.8,61.1
2015-10-28,193.1,61.7
2015-10-29,193.0,61.7
2015-10-30,192.1,61.3
2015-11-02,194.3,61.2
2015-11-03,194.9,60.9
2015-11-04,194.2,60.3
2015-11-05,194.1,60.3
2015-11-06,194.0,60.6
2015-11-09,192.1,59.8
2015-11-10,192.5,59.3
2015-11-11,191.9,60.0
2015-11-12,189.2,60.2
2015-11-13,187.1,60.8
2015-11-16,189.9,61.1
2015-11-17,189.7,60.9
2015-11-18,192.8,60.5
2015-11-19,192.6,60.6
2015-11-20,193.4,60.7
2015-11-23,193.1,60.7
2015-11-24,193.4,60.7
2015-11-25,193.4,61.3
2015-11-27,193.5,60.6
2015-11-30,192.6,60.4
2015-12-01,194.7,60.8
2015-12-02,192.6,60.5
2015-12-03,189.8,59.6
2015-12-04,193.7,59.3
2015-12-07,192.4,59.3
2015-12-08,191.1,58.2
2015-12-09,189.7,58.3
2015-12-10,190.1,58.6
2015-12-11,186.5,59.7
2015-12-14,187.4,59.0
2015-12-15,189.4,58.4
2015-12-16,192.1,58.1
2015-12-17,189.3,58.6
2015-12-18,184.8,59.5
2015-12-21,186.3,59.4
2015-12-22,188.0,59.3
2015-12-23,190.3,59.9
2015-12-24,190.0,59.5
2015-12-28,189.6,58.7
2015-12-29,191.6,57.8
2015-12-30,190.3,57.7
2015-12-31,188.5,56.8
2016-01-04,185.6,55.6
2016-01-05,186.0,54.9
2016-01-06,183.6,55.2
2016-01-07,179.3,55.4
2016-01-08,177.4,54.6
2016-01-11,177.5,55.3
2016-01-12,178.9,53.3
2016-01-13,174.4,53.8
2016-01-14,177.4,52.5
2016-01-15,173.5,52.9
2016-01-19,173.6,54.5
2016-01-20,171.6,53.8
2016-01-21,172.5,54.7
2016-01-22,176.0,54.4
2016-01-25,173.3,54.5
2016-01-26,175.7,55.5
2016-01-27,173.8,55.4
2016-01-28,174.8,54.1
2016-01-29,179.1,54.6
2016-02-01,179.0,54.7
2016-02-02,175.7,53.8
2016-02-03,176.6,52.8
2016-02-04,176.9,52.2
2016-02-05,173.7,52.1
2016-02-08,171.2,51.4
2016-02-09,171.1,52.3
2016-02-10,171.2,53.3
2016-02-11,169.1,54.3
2016-02-12,172.4,54.0
2016-02-16,175.3,53.9
2016-02-17,178.2,54.5
2016-02-18,177.4,53.6
2016-02-19,177.4,53.5
2016-02-22,180.0,54.1
2016-02-23,177.7,54.0
2016-02-24,178.5,53.6
2016-02-25,180.6,55.0
2016-02-26,180.3,55.4
2016-02-29,178.8,56.0
2016-03-01,183.1,56.4
2016-03-02,183.9,56.3
2016-03-03,184.6,55.7
2016-03-04,185.2,56.0
2016-03-07,185.4,55.9
2016-03-08,183.3,57.3
2016-03-09,184.3,57.2
2016-03-10,184.3,56.7
2016-03-11,187.4,57.2
2016-03-14,187.1,57.6
2016-03-15,186.8,57.5
2016-03-16,187.9,57.4
2016-03-17,189.1,57.3
2016-03-18,189.0,56.7
2016-03-21,189.1,56.4
2016-03-22,189.0,56.7
2016-03-23,187.8,57.3
2016-03-24,187.7,57.7
2016-03-28,187.8,57.2
2016-03-29,189.5,56.6
2016-03-30,190.4,56.4
2016-03-31,190.0,55.3
2016-04-01,191.2,56.2
2016-04-04,190.6,55.4
2016-04-05,188.7,56.5
2016-04-06,190.7,56.5
2016-04-07,188.4,57.3
2016-04-08,189.0,58.2
2016-04-11,188.5,58.4
2016-04-12,190.3,58.3
2016-04-13,192.2,58.8
2016-04-14,192.3,59.8
2016-04-15,192.1,59.9
2016-04-18,193.4,59.5
2016-04-19,193.9,59.5
2016-04-20,194.1,59.2
2016-04-21,193.1,59.5
2016-04-22,193.1,59.5
2016-04-25,192.8,58.7
2016-04-26,193.1,58.4
2016-04-27,193.4,59.0
2016-04-28,191.7,58.0
2016-04-29,190.7,57.3
2016-05-02,192.2,57.2
2016-05-03,190.5,57.4
2016-05-04,189.4,57.3
2016-05-05,189.4,58.1
2016-05-06,190.1,57.6
2016-05-09,190.2,57.6
2016-05-10,192.6,57.0
2016-05-11,190.8,57.7
2016-05-12,190.8,57.2
2016-05-13,189.2,57.3
2016-05-16,191.1,56.8
2016-05-17,189.4,57.3
2016-05-18,189.4,57.1
2016-05-19,188.7,58.0
2016-05-20,189.9,58.6
2016-05-23,189.5,58.7
2016-05-24,192.1,58.7
2016-05-25,193.4,58.4
2016-05-26,193.4,58.3
2016-05-27,194.3,58.3
2016-05-31,194.1,58.7
2016-06-01,194.4,59.0
2016-06-02,194.9,59.5
2016-06-03,194.4,59.6
2016-06-06,195.3,58.9
2016-06-07,195.6,57.2
2016-06-08,196.3,56.3
2016-06-09,195.9,55.4
2016-06-10,194.1,55.8
2016-06-13,192.6,55.9
2016-06-14,192.3,56.5
2016-06-15,191.9,57.9
2016-06-16,192.6,58.3
2016-06-17,191.9,57.1
2016-06-20,192.1,58.7
2016-06-21,192.7,53.7
2016-06-22,192.4,52.6
2016-06-23,194.9,54.0
2016-06-24,187.9,55.0
2016-06-27,184.5,55.8
2016-06-28,187.9,55.8
2016-06-29,191.1,54.7
2016-06-30,193.7,54.6
2016-07-01,194.1,54.4
2016-07-05,192.8,55.3
2016-07-06,193.9,56.1
2016-07-07,193.7,56.8
2016-07-08,196.7,56.8
2016-07-11,197.3,57.3
2016-07-12,198.7,57.0
2016-07-13,198.8,57.1
2016-07-14,199.8,56.7
2016-07-15,199.6,57.2
2016-07-18,200.1,56.9
2016-07-19,199.8,57.0
2016-07-20,200.7,57.0
2016-07-21,200.0,57.2
2016-07-22,200.9,57.4
2016-07-25,200.3,57.4
2016-07-26,200.4,58.0
2016-07-27,200.1,57.7
2016-07-28,200.5,57.4
2016-07-29,200.8,57.2
2016-08-01,200.5,57.5
2016-08-02,199.3,57.8
2016-08-03,199.9,57.9
2016-08-04,200.0,58.3
2016-08-05,201.8,58.5
2016-08-08,201.6,59.0
2016-08-09,201.7,58.8
2016-08-10,201.2,59.0
2016-08-11,202.1,59.0
2016-08-12,202.0,58.9
2016-08-15,202.6,59.2
2016-08-16,201.5,58.8
2016-08-17,201.9,58.9
2016-08-18,202.4,59.1
2016-08-19,202.1,59.0
2016-08-22,202.0,58.7
2016-08-23,202.4,58.4
2016-08-24,201.4,58.6
2016-08-25,201.1,58.5
2016-08-26,200.8,58.4
2016-08-29,201.9,58.8
2016-08-30,201.5,59.4
2016-08-31,201.1,59.8
2016-09-01,201.0,59.9
2016-09-02,201.9,59.7
2016-09-06,202.5,58.5
2016-09-07,202.5,59.0
2016-09-08,202.1,57.8
2016-09-09,197.1,57.7
2016-09-12,199.2,58.2
2016-09-13,196.3,57.5
2016-09-14,196.2,57.8
2016-09-15,198.2,58.1
2016-09-16,197.4,59.2
2016-09-19,197.4,59.8
2016-09-20,197.5,59.3
2016-09-21,199.7,58.7
2016-09-22,201.0,59.0
2016-09-23,199.8,59.4
2016-09-26,198.1,58.7
2016-09-27,199.4,59.1
2016-09-28,200.5,59.0
2016-09-29,198.6,59.0
2016-09-30,200.2,59.2
2016-10-03,199.6,58.9
2016-10-04,198.6,58.6
2016-10-05,199.6,58.8
2016-10-06,199.6,57.9
2016-10-07,199.0,57.8
2016-10-10,199.9,57.6
2016-10-11,197.4,57.7
2016-10-12,197.7,57.5
2016-10-13,197.1,58.1
2016-10-14,197.1,58.2
2016-10-17,196.5,58.3
2016-10-18,197.7,58.2
2016-10-19,198.2,58.2
2016-10-20,197.9,58.1
2016-10-21,197.9,57.9
2016-10-24,198.9,57.8
2016-10-25,198.1,57.8
2016-10-26,197.8,57.8
2016-10-27,197.2,57.6
2016-10-28,196.6,57.2
2016-10-31,196.5,57.1
2016-11-01,195.2,56.6
2016-11-02,194.0,57.4
2016-11-03,193.2,57.5
2016-11-04,192.9,57.6
2016-11-07,197.1,57.4
2016-11-08,198.0,57.1
2016-11-09,200.2,56.7
2016-11-10,200.6,57.0
2016-11-11,200.3,56.4
2016-11-14,200.3,56.8
2016-11-15,201.9,56.2
2016-11-16,201.6,56.7
2016-11-17,202.6,56.8
2016-11-18,202.1,56.6
2016-11-21,203.6,56.8
2016-11-22,204.1,56.5
2016-11-23,204.2,56.9
2016-11-25,205.0,56.8
2016-11-28,204.0,56.6
2016-11-29,204.3,56.7
2016-11-30,203.8,57.3
2016-12-01,203.1,57.7
2016-12-02,203.2,58.5
2016-12-05,204.4,58.5
2016-12-06,205.1,58.7
2016-12-07,207.8,58.5
2016-12-08,208.3,59.1
2016-12-09,209.5,58.2
2016-12-12,209.3,58.1
2016-12-13,210.7,58.1
2016-12-14,209.0,58.0
2016-12-15,209.8,58.2
2016-12-16,209.5,57.7
2016-12-19,209.9,57.5
2016-12-20,210.7,57.7
2016-12-21,208.9,57.6
2016-12-22,208.5,57.4
2016-12-23,208.8,57.5
2016-12-27,209.3,57.7
2016-12-28,207.6,58.1
2016-12-29,207.5,58.8
2016-12-30,206.6,59.3
2017-01-03,208.3,59.1
2017-01-04,209.6,59.0
2017-01-05,209.4,59.0
2017-01-06,210.2,59.3
2017-01-09,209.5,59.4
2017-01-10,209.5,59.6
2017-01-11,210.1,59.4
2017-01-12,209.6,59.2
2017-01-13,210.0,59.1
2017-01-17,209.4,59.4
2017-01-18,209.8,59.5
2017-01-19,209.0,59.7
2017-01-20,209.7,60.3
2017-01-23,209.2,60.1
2017-01-24,210.6,60.0
2017-01-25,212.2,59.5
2017-01-26,212.1,59.6
2017-01-27,211.9,59.9
2017-01-30,210.6,59.9
2017-01-31,210.5,60.1
2017-02-01,210.6,59.7
2017-02-02,210.7,59.7
2017-02-03,212.3,59.8
2017-02-06,211.8,60.0
2017-02-07,211.9,60.1
2017-02-08,212.1,60.4
2017-02-09,213.3,60.3
2017-02-10,214.1,60.5
2017-02-13,215.3,60.7
2017-02-14,216.2,60.5
2017-02-15,217.3,60.7
2017-02-16,217.1,60.7
2017-02-17,217.5,60.8
2017-02-21,218.8,60.4
2017-02-22,218.6,60.4
2017-02-23,218.7,60.3
2017-02-24,219.1,61.0
2017-02-27,219.4,60.6
2017-02-28,218.8,60.9
2017-03-01,221.8,60.7
2017-03-02,220.6,60.5
2017-03-03,220.7,60.3
2017-03-06,219.9,60.5
2017-03-07,219.3,61.1
2017-03-08,218.9,61.4
2017-03-09,219.1,60.9
2017-03-10,219.8,61.8
2017-03-13,219.9,62.1
2017-03-14,219.2,62.2
2017-03-15,221.0,62.1
2017-03-16,220.7,61.8
2017-03-17,220.4,61.8
2017-03-20,219.9,62.0
2017-03-21,216.3,62.1
2017-03-22,216.7,62.3
2017-03-23,216.5,62.6
2017-03-24,216.3,62.6
2017-03-27,216.1,62.4
2017-03-28,217.6,62.3
2017-03-29,217.9,62.2
2017-03-30,218.6,62.2
2017-03-31,218.1,61.9
2017-04-03,217.7,61.9
2017-04-04,217.9,61.8
2017-04-05,217.2,61.8
2017-04-06,217.7,62.0
2017-04-07,217.5,62.0
2017-04-10,217.7,61.6
2017-04-11,217.4,62.0
2017-04-12,216.6,61.7
2017-04-13,215.1,61.4
2017-04-17,216.9,61.9
2017-04-18,216.3,62.0
2017-04-19,216.0,63.5
2017-04-20,217.6,64.0
2017-04-21,217.0,63.8
2017-04-24,219.3,63.9
2017-04-25,220.6,63.8
2017-04-26,220.6,64.1
2017-04-27,220.7,64.4
2017-04-28,220.3,64.3
2017-05-01,220.6,64.9
2017-05-02,220.9,65.6
2017-05-03,220.7,65.1
2017-05-04,220.8,64.9
2017-05-05,221.7,65.0
2017-05-08,221.7,64.9
2017-05-09,221.5,65.2
2017-05-10,221.9,65.6
2017-05-11,221.4,66.0
2017-05-12,221.1,65.2
2017-05-15,222.2,65.4
2017-05-16,222.1,66.1
2017-05-17,218.1,66.2
2017-05-18,218.9,66.2
2017-05-19,220.4,66.2
2017-05-22,221.6,66.2
2017-05-23,222.0,66.1
2017-05-24,222.5,66.0
2017-05-25,223.6,66.1
2017-05-26,223.6,66.5
2017-05-30,223.4,67.2
2017-05-31,223.3,66.9
2017-06-01,225.1,66.7
2017-06-02,225.9,66.7
2017-06-05,225.6,66.6
2017-06-06,225.0,66.3
2017-06-07,225.4,66.1
2017-06-08,225.4,66.6
2017-06-09,225.3,66.5
2017-06-12,225.1,65.8
2017-06-13,226.1,66.4
2017-06-14,225.9,66.7
2017-06-15,225.5,65.1
2017-06-16,225.5,65.0
2017-06-19,227.4,65.0
2017-06-20,225.9,65.1
2017-06-21,225.8,65.3
2017-06-22,224.7,65.2
2017-06-23,225.1,65.8
2017-06-26,225.1,65.2
2017-06-27,223.3,65.2
2017-06-28,225.3,65.1
2017-06-29,223.4,65.1
2017-06-30,223.8,64.8
2017-07-03,224.3,64.8
2017-07-05,224.6,65.0
2017-07-06,222.6,65.2
2017-07-07,224.1,65.7
2017-07-10,224.3,65.9
2017-07-11,224.1,66.3
2017-07-12,225.7,66.2
2017-07-13,226.2,66.3
2017-07-14,227.2,66.5
2017-07-17,227.2,66.8
2017-07-18,227.4,66.6
2017-07-19,228.6,66.4
2017-07-20,228.6,66.5
2017-07-21,228.5,66.9
2017-07-24,228.3,66.7
2017-07-25,228.9,66.8
2017-07-26,229.0,66.9
2017-07-27,228.8,67.3
2017-07-28,228.5,67.3
2017-07-31,228.3,67.4
2017-08-01,228.9,67.5
2017-08-02,229.0,67.5
2017-08-03,228.6,67.1
2017-08-04,229.0,67.0
2017-08-07,229.4,66.1
2017-08-08,228.9,66.0
2017-08-09,228.8,66.4
2017-08-10,225.6,66.4
2017-08-11,225.9,66.8
2017-08-14,228.2,66.0
2017-08-15,228.1,66.2
2017-08-16,228.5,66.2
2017-08-17,225.0,66.5
2017-08-18,224.6,66.5
2017-08-21,224.8,66.4
2017-08-22,227.1,66.8
2017-08-23,226.3,66.8
2017-08-24,225.8,66.5
2017-08-25,226.2,66.4
2017-08-28,226.4,66.9
2017-08-29,226.6,67.0
2017-08-30,227.7,66.5
2017-08-31,229.0,67.0
2017-09-01,229.5,67.5
2017-09-05,227.7,67.5
2017-09-06,228.5,68.0
2017-09-07,228.5,68.3
2017-09-08,228.1,67.9
2017-09-11,230.6,68.0
2017-09-12,231.4,68.1
2017-09-13,231.6,68.2
2017-09-14,231.4,68.5
2017-09-15,231.8,68.3
2017-09-18,232.2,68.2
2017-09-19,231.3,68.4
2017-09-20,231.5,68.0
2017-09-21,230.8,67.9
2017-09-22,230.9,67.9
2017-09-25,230.4,68.1
2017-09-26,230.4,68.5
2017-09-27,231.4,68.4
2017-09-28,231.7,68.7
2017-09-29,232.6,68.5
2017-10-02,233.5,68.5
2017-10-03,234.0,68.4
2017-10-04,234.3,68.5
2017-10-05,235.6,69.1
2017-10-06,235.5,69.1
2017-10-09,235.0,69.2
2017-10-10,235.6,69.6
2017-10-11,236.0,69.5
2017-10-12,235.6,69.3
2017-10-13,235.9,69.5
2017-10-16,236.3,69.4
2017-10-17,236.4,69.3
2017-10-18,236.6,69.2
2017-10-19,236.7,69.3
2017-10-20,237.9,69.0
2017-10-23,237.0,69.0
2017-10-24,237.4,69.2
2017-10-25,236.3,69.3
2017-10-26,236.6,69.6
2017-10-27,238.5,69.7
2017-10-30,237.7,69.9
2017-10-31,238.0,69.8
2017-11-01,238.3,69.9
2017-11-02,238.4,69.6
2017-11-03,239.2,69.9
2017-11-06,239.5,69.5
2017-11-07,239.4,69.3
2017-11-08,239.8,69.0
2017-11-09,239.0,68.9
2017-11-10,238.8,68.6
2017-11-13,239.1,69.2
2017-11-14,238.6,68.9
2017-11-15,237.3,69.1
2017-11-16,239.3,69.6
2017-11-17,238.7,69.8
2017-11-20,239.0,70.3
2017-11-21,240.6,69.9
2017-11-22,240.4,70.3
2017-11-24,240.9,70.0
2017-11-27,240.8,70.1
2017-11-28,243.2,69.8
2017-11-29,243.2,69.6
2017-11-30,245.2,69.4
2017-12-01,244.8,69.3
2017-12-04,244.5,69.5
2017-12-05,243.6,69.8
2017-12-06,243.6,70.0
2017-12-07,244.3,70.1
2017-12-08,245.7,70.4
2017-12-11,246.5,70.0
2017-12-12,246.9,70.0
2017-12-13,246.8,70.8
2017-12-14,245.8,69.8
2017-12-15,248.0,69.7
2017-12-18,249.4,69.9
2017-12-19,248.6,70.1
2017-12-20,248.4,70.1
2017-12-21,248.9,70.2
2017-12-22,247.6,70.3
2017-12-26,247.4,70.3
2017-12-27,247.6,70.8
2017-12-28,248.1,71.2
2017-12-29,246.8,72.0
2018-01-02,248.9,72.4
2018-01-03,250.5,72.3
2018-01-04,251.5,72.4
2018-01-05,253.3,72.3
2018-01-08,253.7,72.8
2018-01-09,254.1,73.5
2018-01-10,253.8,73.4
2018-01-11,255.6,73.8
2018-01-12,257.4,73.7
2018-01-16,256.5,74.1
2018-01-17,258.9,74.5
2018-01-18,258.5,74.8
2018-01-19,259.6,74.9
2018-01-22,261.7,74.6
2018-01-23,262.3,75.3
2018-01-24,262.1,74.6
2018-01-25,262.3,73.9
2018-01-26,265.4,73.8
2018-01-29,263.6,74.1
2018-01-30,260.8,72.6
2018-01-31,260.9,69.5
2018-02-01,260.8,70.9
2018-02-02,255.3,70.1
2018-02-05,244.8,68.3
2018-02-06,249.1,68.6
2018-02-07,247.9,69.6
2018-02-08,238.6,69.4
2018-02-09,242.3,70.7
2018-02-12,245.6,71.1
2018-02-13,246.3,71.4
2018-02-14,249.6,70.8
2018-02-15,252.7,70.4
2018-02-16,252.8,70.8
2018-02-20,251.4,71.3
2018-02-21,250.0,72.0
2018-02-22,250.3,70.9
2018-02-23,254.3,70.3
2018-02-26,257.3,69.1
2018-02-27,254.1,69.4
2018-02-28,251.3,69.8
2018-03-01,248.0,70.2
2018-03-02,249.2,
2018-03-05,252.0,
2018-03-06,252.7,