Date,C5 wt%,Benzene wt%,Bromine Number g/100g,C4 wt%,Styrene wt%,Toluene wt%,Xylenes wt%,C6~C9 NA wt%,C10+ NA wt%,C9 Aro wt%,C10 Aro wt%,DV g/100g,EB wt%
5/1/13,1.486,39.4791,270,0,0.0081,17.8636,4.3357,13.7056,4.1714,6.9915,4.2177,,7.7413
6/1/13,,,166,,,,,,,,,,
7/1/13,0.338,41.5615,109,0.1678,0.0067,18.0335,3.9731,12.5179,3.866,7.5282,3.9939,,8.0134
9/1/13,0.4471,41.5025,175,0,0.0046,17.5711,3.8367,11.3855,3.6134,8.6939,3.928,,9.0172
11/1/13,0.6546,39.0989,159,0.0008,0,18.2062,5.083,12.2558,3.4224,8.2606,4.3468,,8.6709
14/1/13,0.6922,37.7653,175,0.1963,0.0089,19.6605,6.1433,10.7454,3.1971,8.5252,4.3277,,8.7381
15/1/13,,,202,,,,,,,,,,
16/1/13,0.5835,37.4819,207,0.0009,0.0057,17.7596,5.6251,10.8081,4.3277,9.5096,4.9261,,8.9718
18/1/13,0.3446,42.8179,225,0.2132,0.0051,17.7398,4.6075,11.4778,3.2974,7.823,3.5002,,8.1735
19/1/13,0.6429,43.3592,,0.0006,0.0018,17.0306,4.3505,12.3967,3.2421,7.1374,3.8255,,8.0127
21/1/13,0.8635,37.6362,244,0.0048,0.0064,18.5362,5.6359,12.334,3.6489,8.1835,4.5509,,8.5997
23/1/13,0.7902,35.7722,234,0.0014,0.0077,19.0052,6.2113,11.6489,3.8573,8.5411,5.0697,,9.095
25/1/13,0.7859,36.2059,254,0.0007,0.006,20.6266,5.6084,11.3096,3.4785,8.2504,4.8373,,8.8907
28/1/13,0.3087,37.2772,270,0.291,0,21.6377,5.2685,11.38,3.3661,7.5054,4.2703,,8.6951
30/1/13,0.7297,37.879,255,0.0013,0.0028,19.8942,5.3504,11.2095,3.8113,8.1707,4.2231,,8.728
31/1/13,,,263,,,,,,,,,,
1/2/13,0.3491,36.4704,263,0.3273,0.0072,19.5441,5.8679,11.172,4.0196,5.5276,7.8447,,8.8701
4/2/13,0.7629,37.4422,257,0.0009,0,20.2916,5.7174,11.2673,3.7702,7.6989,4.3159,,8.7327
6/2/13,0.7709,38.0884,311,0.0013,0.0021,19.2584,5.1929,11.471,4.4398,7.6797,4.5439,,8.5516
8/2/13,0.6542,39.4646,313,0,0,20.1972,4.6939,11.2697,3.8373,7.3521,4.0793,,8.4517
11/2/13,,,,,,,,,,,,,
13/2/13,0.7498,40.7946,305,0,0,19.85,4.9095,12.0794,3.4782,6.8737,3.2936,,7.9712
15/2/13,0.7907,39.4585,357,0,0,18.9319,4.911,11.5865,3.9909,8.0524,3.6895,,8.5886
18/2/13,0.8288,40.7567,298,0,0,18.9627,4.4545,11.3367,4.1174,7.9659,3.1896,,8.3877
20/2/13,0.5936,41.2512,394,0,0.007,19.9397,4.6647,11.8368,3.5384,7.038,2.978,,8.1526
21/2/13,1.1647,40.5431,,0.2689,0.0067,19.3052,2.2313,14.4084,3.7027,7.3819,3.0027,,7.9844
21/2/13,0.6283,41.048,1830,0.0015,0.0063,19.5131,4.8279,11.4627,3.7833,7.7202,2.9969,,8.0118
21/2/13,,,880,,,,,,,,,,
21/2/13,1.1647,40.5431,472,0.2689,0.0067,19.3052,2.2313,14.4084,3.7027,7.3819,3.0027,,7.9844
22/2/13,0.3124,39.3289,500,0.3127,0.0067,20.2316,5.339,11.6595,3.5288,7.82,3.1553,,8.3051
24/2/13,,,670,,,,,,,,,,
25/2/13,0.3137,39.3576,740,0.2406,0.0007,19.3564,2.4969,15.4004,3.3068,5.0145,6.2792,,8.2332
27/2/13,0.6625,39.2945,1476,0.001,0.0094,19.1442,5.7235,11.5033,3.3572,5.4194,6.6774,,8.2076
28/2/13,0.6819,1.0436,495,0.0006,0.0097,18.604,5.5406,50.2129,3.8639,8.6831,3.2691,,8.0906
1/3/13,0.6946,38.9538,452,0.0021,0.0015,18.2593,5.6077,11.756,3.9202,8.8199,3.6858,,8.2991
3/3/13,0.2756,38.4468,424,0.2401,0.0005,18.7315,5.8215,11.0555,4.4442,8.8561,3.7655,,8.3627
4/3/13,,,,,,,,,,,,,
5/3/13,,,410,,,,,,,,,,
6/3/13,0.7147,39.2162,402,0.0021,0.0063,20.4112,5.3827,12.1581,3.5439,7.4528,3.0248,,8.0872
8/3/13,0.6029,37.6001,409,0.001,0.0057,20.0379,5.3593,10.4614,4.6414,9.0037,3.5047,,8.7819
10/3/13,,,400,,,,,,,,,,
11/3/13,0.5719,40.8231,387,0.0008,0,20.9493,4.4472,11.4595,3.3213,7.3953,2.632,,8.3996
13/3/13,0.526,36.5654,349,0.0011,0.0056,20.5914,4.8619,10.7521,4.4117,9.253,3.8085,,9.2233
15/3/13,,,315,,,,,,,,,,
18/3/13,0.3092,39.5619,326,0.2854,0.0063,19.4704,4.3948,11.854,4.4588,4.7516,6.4221,,8.4855
20/3/13,0.64,42.0227,359,0.002,0,19.2355,4.1613,12.3903,3.8087,6.6877,2.9972,,8.0546
22/3/13,0.5832,36.7925,354,0.0013,0.0062,19.7163,4.9997,12.0126,4.4208,8.6559,4.2563,,8.5552
25/3/13,0.3097,38.4662,314,0.2708,0,19.2096,4.5847,12.0833,4.9152,7.6958,3.8413,,8.6234
27/3/13,0.729,38.9814,300,0.0017,0.0053,18.2932,4.736,12.7391,4.1247,8.2402,3.7433,,8.4061
29/3/13,0.7506,38.3843,350,0.0018,0,17.9354,4.9376,13.5807,4.1679,4.9809,6.979,,8.2818
30/3/13,,,358,,,,,,,,,,
1/4/13,0.8341,39.912,344,0.0023,0.005,18.1631,4.7213,13.3989,3.9544,7.6296,3.4684,,7.9109
3/4/13,0.3504,38.3615,374,0.0043,0.0047,18.0877,5.1616,12.4589,4.3939,5.1245,7.3664,,8.6861
5/4/13,0.7041,36.5018,360,0.0062,0,18.5234,2.784,15.3216,3.9326,8.8846,4.5035,,8.8382
6/4/13,,,350,,,,,,,,,,
7/4/13,,,340,,,,,,,,,,
8/4/13,1.0886,34.8657,340,0.0072,0.0056,18.6316,6.0485,12.2531,3.8977,9.4554,4.9337,,8.8129
10/4/13,,,,,,,,,,,,,
12/4/13,,,,,,,,,,,,,
15/4/13,,,,,,,,,,,,,
16/4/13,,,230,,,,,,,,,,
16/4/13,,,175,,,,,,,,,,
16/4/13,,,160,,,,,,,,,,
17/4/13,0.3172,35.7096,162,0.0383,0.0072,18.7274,5.2776,11.5936,4.461,9.2984,5.4812,,9.0885
19/4/13,0.3083,34.8409,160,0.0342,0.0055,19.3807,5.8,9.9516,0.9632,9.7197,9.493,,9.5029
22/4/13,0.3195,37.2953,156,0.0298,0.0064,20.0781,5.6894,11.1001,3.4091,8.7891,3.9473,,9.3359
24/4/13,0.2984,37.9474,172,0.0244,0.005,21.3993,4.3619,10.8978,3.7571,8.2047,4.2829,,8.8211
26/4/13,0.2711,35.2081,175,0.0218,0.0083,19.8431,4.5919,9.9678,5.9146,9.5711,5.2998,,9.3024
26/4/13,,,188,,,,,,,,,,
29/4/13,0.3985,40.393,168,0.0604,0.007,20.0745,4.1922,12.0587,4.2601,6.4314,3.932,,8.1922
1/5/13,,,186,,,,,,,,,,
3/5/13,0.4147,43.0873,192,0.0813,0.0073,19.0136,4.667,12.5099,3.4055,6.1255,2.8954,,7.7925
4/5/13,,,200,,,,,,,,,,
5/5/13,,,195,,,,,,,,,,
6/5/13,,,,,,,,,,,,,
8/5/13,0.3237,35.3198,202,0.0748,0.0084,19.9835,6.2453,10.7342,5.4064,8.2344,4.1714,,9.4981
10/5/13,0.3713,36.4176,198,0.0581,0.0081,19.625,6.3672,12.7343,4.3113,7.6178,3.3095,,9.1798
11/5/13,,,209,,,,,,,,,,
12/5/13,,,194,,,,,,,,,,
13/5/13,0.3877,37.2877,220,0.0847,0.0079,19.4548,6.034,12.253,4.7578,7.3271,3.5539,,8.8514
15/5/13,0.4666,38.6436,204,0.121,0.0072,19.1024,5.4276,11.1046,5.0393,8.1616,3.6967,,8.2294
17/5/13,,,,,,,,,,,,,
18/5/13,,,230,,,,,,,,,,
19/5/13,,,230,,,,,,,,,,
20/5/13,0.3762,36.7286,199,0.0817,0.0063,22.6332,4.8914,11.6783,4.2665,7.037,3.5211,,8.7797
22/5/13,0.3521,36.8828,211,0.0775,0.0068,21.6636,5.0932,11.9974,4.5668,6.9765,3.5653,,8.818
24/5/13,0.4097,38.7701,215,0.0939,0.0067,20.7548,4.8955,12.466,4.1624,6.5778,3.2037,,8.6594
27/5/13,0.5253,39.3189,215,0.1147,0.0066,19.8422,4.8747,12.6081,4.5371,6.3628,3.558,,8.2516
29/5/13,0.4019,38.2528,218,0.1052,0.0074,20.3369,5.0485,10.5642,4.8483,8.1602,3.8169,,8.4577
31/5/13,0.512,39.7335,223,0.117,0.0085,19.4629,4.6906,13.2642,4.7681,6.1148,3.4183,,7.9101
1/6/13,,,203,,,,,,,,,,
2/6/13,,,219,,,,,,,,,,
3/6/13,0.4976,42.946,223,0.1111,0.007,18.4576,3.9617,13.4423,4.8281,5.1372,2.9522,,7.6592
5/6/13,0.4499,39.8357,230,0.1032,0.0075,18.2113,4.0937,12.9087,5.725,6.6469,3.7753,,8.2428
7/6/13,,,,,,,,,,,,,
7/6/13,,,226,,,,,,,,,,
10/6/13,0.7196,40.5627,229,0.1625,0.0074,18.809,4.0023,13.392,5.5612,5.5007,3.4663,,7.8163
12/6/13,0.5389,38.2249,214,0.1338,0.0082,18.1991,4.1665,12.8643,6.4867,6.8818,4.2581,,8.2377
14/6/13,0.6814,37.907,210,0.1372,0.008,17.8294,4.1732,13.2301,5.7606,7.6587,4.1643,,8.4501
17/6/13,0.5756,39.6679,250,0.1731,0.0077,18.3296,4.1154,12.8466,6.2225,6.4026,4.1862,,7.4728
19/6/13,0.4808,38.5886,254,0.1185,0.008,18.2693,4.8554,12.6233,5.9161,6.8019,4.321,,8.0171
21/6/13,0.4007,34.2279,241,0.1165,0.0085,18.4992,5.1875,11.0865,7.0647,8.9686,5.9844,,8.4555
24/6/13,0.4583,38.0207,246,0.1317,0.0074,20.8518,4.8729,11.7799,4.7853,6.8343,4.0241,,8.2336
26/6/13,0.388,32.3937,245,0.1107,0.0078,19.1691,5.6342,10.9112,7.5582,8.9974,6.0139,,8.8158
28/6/13,0.3056,34.0182,235,0.0041,0.009,18.8095,5.1806,11.5013,10.6781,5.8117,5.0931,,8.5888
29/6/13,,,235,,,,,,,,,,
1/7/13,0.3279,34.9476,255,0.0018,0.0085,18.3058,5.1739,11.207,6.2934,9.6601,5.6999,,8.3741
3/7/13,0.2637,35.96,250,0,0.0081,18.4157,5.4218,11.2321,6.2457,8.9122,5.0847,,8.456
5/7/13,0.2981,37.2225,236,0.0015,0.0072,18.2755,5.145,10.9262,6.0258,8.9386,5.1771,,7.9825
6/7/13,,,243,,,,,,,,,,
8/7/13,,,,,,,,,,,,,
10/7/13,,,,,,,,,,,,,
12/7/13,,,,,,,,,,,,,
15/7/13,,,,,,,,,,,,,
16/7/13,0.2086,39.4125,357,0,0.008,18.5341,3.9544,10.8209,7.4065,7.1863,4.8771,,7.5916
17/7/13,0.0637,38.5942,172,0,0.0079,19.1485,4.0735,9.4176,8.0919,7.7233,5.0693,,7.8101
19/7/13,0.1887,38.4419,179,0,0.0071,18.4841,4.1462,9.6315,8.2912,7.9624,5.0334,,7.8135
21/7/13,,,190,,,,,,,,,,
22/7/13,0.198,36.8037,212,0,0.0057,17.6555,4.3457,9.3939,9.4981,8.4974,5.5941,,8.0079
24/7/13,0.3578,40.4188,327,0.0015,0.0066,17.6605,4.0717,10.5187,7.4852,7.4249,4.3865,,7.6678
26/7/13,0.3099,40.3937,312,0.0007,0.007,17.539,4.0361,10.6039,7.5589,7.3263,4.4391,,7.7854
27/7/13,,,380,,,,,,,,,,
28/7/13,,,369,,,,,,,,,,
29/7/13,0.2648,41.134,368,0,0.0069,17.5021,3.9147,11.3631,6.7149,7.1254,3.9476,,8.0265
31/7/13,0.2877,40.3439,500,0.0009,0.0063,17.6328,3.8951,11.128,6.0155,8.3805,3.8228,,8.4865
2/8/13,0.2915,39.8406,431,0.0041,0.0062,18.9544,3.9538,12.0538,5.4467,7.4646,3.8275,,8.1568
3/8/13,0.2583,39.3604,418,0.0004,0.0059,18.3898,3.9557,10.6413,7.3144,7.4435,4.4276,,8.2027
4/8/13,0.2052,39.5873,450,0,0.0063,18.8434,4.1204,10.7564,5.6236,8.1489,4.148,,8.5605
5/8/13,0.2286,39.7445,452,0,0.0058,18.7622,4.0153,11.46,5.2123,8.1411,4.388,,8.0422
7/8/13,0.2063,37.2444,345,0.0004,0.006,18.9325,4.565,10.8319,5.6897,8.8256,4.854,,8.8442
9/8/13,0.1681,36.4664,411,0,0.0071,18.1129,5.2044,10.5132,5.7708,9.8491,5.1844,,8.7236
12/8/13,0.1867,38.1028,426,0,0.0072,17.4503,4.1353,10.1428,7.3025,8.703,5.6151,,8.3543
14/8/13,0.2297,40.2552,392,0,0.007,17.6148,3.96,11.8983,5.5434,7.9984,4.7139,,7.7793
16/8/13,,,403,,,,,,,,,,
19/8/13,0.287,38.9092,417,0.0012,0.0071,17.5378,4.0044,11.4431,6.2072,8.4528,4.8852,,8.265
21/8/13,0.1905,40.0573,417,0,0.0068,17.4118,3.6728,11.3045,5.772,8.2962,5.1584,,8.1297
23/8/13,0.2238,39.5022,427,0,0.0067,17.6231,4.36,11.0652,5.3468,8.2952,5.4632,,8.1138
24/8/13,,,460,,,,,,,,,,
26/8/13,0.2227,39.2534,482,0,0.0069,17.6777,4.3501,10.9471,5.5059,8.4463,5.3511,,8.2388
28/8/13,0.1986,38.3261,494,0,0.0068,17.2178,4.2332,10.7058,6.4287,8.8631,5.8621,,8.1578
30/8/13,0.1801,39.4514,495,0,0.0069,18.2162,4.4351,10.9672,5.0398,8.6636,5.0136,,8.0261
2/9/13,0.2567,40.6369,454,0,0.0065,18.0696,4.286,11.174,8.2274,4.8402,4.4709,,8.0318
4/9/13,0.2793,41.5618,464,0.0003,0.0063,16.9372,4.0132,12.5085,4.9856,7.7078,4.0699,,7.9301
6/9/13,0.2908,41.1048,434,0,0.007,16.9696,3.3574,15.5252,7.6029,4.0736,3.5287,,7.54
9/9/13,0.2625,42.0208,424,0.0006,0.0061,18.0551,2.8236,13.2014,5.1574,7.1152,3.5155,,7.8418
11/9/13,0.3142,40.7014,464,0.0017,0.0069,16.9279,3.5032,13.6762,4.5802,8.1707,4.5196,,7.598
13/9/13,0.3412,41.2941,67,0.0032,0.0067,16.9495,3.6266,14.6704,3.182,7.8895,4.2073,,7.8295
16/9/13,0.2645,39.3403,563,0,0.0076,16.7698,4.0654,14.0367,4.428,8.7885,4.8799,,7.4193
18/9/13,,,589,,,,,,,,,,
19/9/13,,,589,,,,,,,,,,
20/9/13,,,481,,,,,,,,,,
22/9/13,,,598,,,,,,,,,,
23/9/13,0.3029,39.3971,640,0.0031,0.0075,18.0607,4.0527,12.783,4.3716,8.3769,5.0454,,7.5991
25/9/13,0.3269,39.188,510,0.0033,0.0075,18.8587,4.1969,13.0798,4.1884,7.6994,4.9828,,7.4683
27/9/13,0.3104,38.1327,210,0.0015,0.0076,19.2816,4.5276,13.2298,7.1552,4.6998,4.7423,,7.9115
30/9/13,0.2087,40.3893,378,0,0.0077,18.8643,4.1175,13.0171,7.2627,4.2157,4.2644,,7.6526
2/10/13,0.23,41.7969,483,0,0.0073,16.6339,3.5152,15.2981,4.6398,6.5733,3.9057,,7.3998
4/10/13,,,,,,,,,,,,,
7/10/13,0.3192,43.7179,453,0.001,0.0068,16.5151,3.2314,14.516,7.1907,4.1725,3.0318,,7.2976
9/10/13,,,,,,,,,,,,,
11/10/13,0.312,38.8684,473,0.0032,0.0079,17.4498,4.7851,13.2947,4.476,7.9409,4.5467,,8.3153
14/10/13,0.2617,40.5478,524,0,0.0074,16.9123,4.1195,12.5784,8.2344,4.414,5.22,,7.7045
16/10/13,0.2135,40.4131,575,0,0.0081,16.4966,4.1461,13.4718,4.4864,7.94,4.6763,,8.1481
18/10/13,0.2094,40.9115,541,0,0.0073,17.0207,3.902,12.8069,5.3147,7.1555,5.0325,,7.6395
21/10/13,0.2396,40.3642,527,0.0004,0.0073,17.1878,4.3681,12.0152,7.6899,4.7161,5.662,,7.7494
23/10/13,0.3248,40.2742,527,0.0024,0.0076,17.3973,4.6504,12.8754,3.8792,7.8188,4.7708,,7.9991
25/10/13,0.2076,37.8791,495,0,0.0077,19.373,5.504,12.187,6.2366,5.4495,4.689,,8.4665
28/10/13,0.3068,38.0213,525,0.0015,0.0074,18.4265,5.6511,12.2843,3.8849,8.2049,4.8004,,8.4109
30/10/13,0.3968,36.688,527,0.0063,0.0076,18.7973,5.9837,11.8574,4.0941,8.4782,5.0621,,8.6285
1/11/13,,,,,,,,,,,,,
4/11/13,0.4006,35.6841,520,0.0042,0.0075,18.5255,6.0212,11.4283,4.2908,9.095,5.7926,,8.7502
6/11/13,0.4338,36.6003,471,0.0049,0.008,18.0778,5.4856,12.0924,4.8592,8.4434,5.6557,,8.3389
8/11/13,0.3934,39.5694,462,0.0014,0.0078,18.9564,4.3904,12.8978,7.0212,4.5748,4.3712,,7.8162
11/11/13,0.4004,41.8953,454,0.0015,0.0072,18.9588,3.7,13.1825,4.322,6.259,3.6103,,7.663
13/11/13,0.4229,42.26,447,0.0019,0.007,19.2503,3.4668,13.4104,4.0462,6.2224,3.1543,,7.7578
15/11/13,0.3126,44.3002,480,0.0007,0.0069,17.0757,3.3795,13.6938,6.2002,3.8043,3.7367,,7.4894
18/11/13,0.2736,46.8416,490,0.0006,0.0065,15.7887,3.2741,13.112,5.8543,3.7049,3.8728,,7.2709
20/11/13,0.2623,47.5801,482,0.0006,0.0063,16.3562,3.2196,12.5813,3.6747,5.698,3.4944,,7.1265
22/11/13,0.2794,46.6327,526,0.0009,0.0066,16.5611,3.3368,12.6677,3.616,5.8818,3.7606,,7.2564
25/11/13,0.2945,48.9226,569,0.0007,0.0056,16.0405,2.7784,13.4587,3.0844,5.1822,3.2659,,6.9665
27/11/13,0.2865,48.8925,530,0.0009,0.0057,16.9915,2.6225,12.6668,3.6531,4.9658,3.0124,,6.9023
29/11/13,0.2662,45.1737,477,0,0.0063,17.2342,3.4876,13.1145,3.7709,6.1793,3.3473,,7.42
2/12/13,0.1748,43.3361,538,0,0.0067,16.7684,4.0052,13.0313,4.137,6.6155,4.5201,,7.4049
4/12/13,0.1649,43.7679,475,0,0.0083,16.3103,3.1871,16.0701,4.4018,5.3007,3.7648,,7.0241
6/12/13,0.0933,42.7329,341,0,0.0083,17.2386,3.2418,15.5506,4.247,6.2131,3.3445,,7.3299
9/12/13,0.0931,43.0896,365,0,0.0086,16.8908,3.5203,16.0711,6.216,3.6351,3.2241,,7.2513
11/12/13,,,,,,,,,,,,,
13/12/13,,,,,,,,,,,,,
16/12/13,,,,,,,,,,,,,
16/12/13,0.1004,35.623,,0.002,0.0097,31.7594,2.7465,12.8714,4.0417,1.9782,2.1701,,8.6976
17/12/13,,,462,,,,,,,,,,
17/12/13,0.0563,39.7498,513,0,0.0095,18.7553,3.8491,14.6478,4.7646,6.1437,4.084,,7.9399
17/12/13,,,520,,,,,,,,,,
17/12/13,,,77,,,,,,,,,,
18/12/13,0.0041,41.3466,154,0,0.0085,18.1182,3.6916,14.0082,5.1278,6.0905,3.9486,,7.6559
20/12/13,0.0456,41.9394,162,0,0.0077,18.0615,3.6056,14.3039,4.6763,6.0938,3.6026,,7.6636
23/12/13,0.1666,42.4405,170,0,0.0069,17.6248,3.5502,15.2579,4.8541,5.5408,3.4259,,7.1323
25/12/13,0.3824,41.5774,,0.0003,0.0069,18.3212,4.0777,15.9758,6.2232,3.2371,2.846,,7.352
27/12/13,0.3071,42.2572,185,0,0.0068,18.9555,4.1047,13.9996,4.128,5.8003,2.9778,,7.463
30/12/13,0.3005,42.7975,197,0.0005,0.0068,17.3313,3.6424,14.8674,4.4661,5.9963,3.0049,,7.5863
1/1/14,0.205,42.7471,,0,0.0073,17.5981,3.5452,13.9886,5.1291,5.8252,3.2425,,7.7119
3/1/14,0.2311,42.6407,230,0.0031,0.0069,18.3451,3.8448,13.6459,4.5256,5.9465,3.471,,7.3393
6/1/14,0.3486,41.3721,256,0.0021,0.007,19.0237,4.0061,15.3255,6.8307,3.5477,2.1003,,7.4362
8/1/14,0.371,39.9201,267,0.0032,0.026,18.885,3.8902,15.0366,5.1827,5.3038,4.2174,,7.164
10/1/14,0.8852,39.202,262,0.0012,0.0077,18.9827,4.9548,13.3095,6.772,4.2813,4.1054,,7.4982
13/1/14,0.8089,40.379,299,0.0009,0.0074,18.8538,4.7326,13.1332,6.7171,4.0678,4.0393,,7.26
15/1/14,0.8708,42.6584,291,0.0017,0.007,17.8746,4.1811,13.0952,4.8438,5.619,3.6706,,7.1778
17/1/14,0.814,43.6724,292,0.0015,0.0067,17.5583,3.8339,13.2947,6.9875,3.2773,3.4373,,7.1164
20/1/14,0.9318,42.2595,292,0.0019,0.0081,18.0711,4.1482,13.8127,6.7645,3.4185,3.6491,,6.9346
22/1/14,0.7328,40.7149,378,0.0008,0.009,18.6597,4.6277,13.1542,4.8076,6.104,3.9582,,7.2311
24/1/14,0.7533,39.6823,410,0.0013,0.0099,18.7777,5.1422,12.6224,6.8044,4.6077,4.3133,,7.2855
27/1/14,0.6634,38.3856,331,0.0012,0.0098,19.4751,5.5793,11.407,4.5374,7.869,4.5803,,7.4919
29/1/14,0.7536,40.2339,450,0.0014,0.0098,18.4786,4.9195,12.7551,6.9562,4.3997,4.2869,,7.2053
31/1/14,,,,,,,,,,,,,
3/2/14,,,,,,,,,,,,,
4/2/14,,,510,,,,,,,,,,
5/2/14,0.7835,37.3904,580,0.0016,0.009,18.6689,5.4037,12.8456,7.1351,5.0446,4.8711,,7.8465
7/2/14,0.7344,35.064,660,0.0016,0.0087,18.7873,6.1525,11.543,5.1208,8.7201,5.7184,,8.1492
10/2/14,0.8629,37.0128,637,0.0035,0.0092,18.0379,5.423,13.4503,7.6466,4.9802,4.5802,,7.9934
12/2/14,0.7932,37.3304,559,0.0029,0.0094,17.77,5.2429,14.3353,7.3977,4.8497,4.2911,,7.9774
14/2/14,0.9217,37.4007,559,0.0033,0.0137,18.9033,5.0511,13.7441,4.8227,6.885,4.4628,,7.7916
17/2/14,0.7937,36.6053,605,0.0017,0.0089,18.7433,5.3488,13.2718,4.7375,7.2045,5.1353,,8.1492
19/2/14,0.8783,35.8653,501,0.0022,0.0089,19.0417,5.5751,12.9829,4.9958,7.2897,5.271,,8.0891
21/2/14,0.733,34.8686,510,0.0015,0.0089,19.5601,6.0491,12.2442,7.2446,5.3865,5.553,,8.3505
24/2/14,0.6279,36.0555,545,0.0026,0.0088,19.785,5.9999,12.3569,4.6159,7.4955,4.7944,,8.2576
26/2/14,0.6714,36.7843,670,0.0059,0.0089,19.3814,5.5155,12.6656,4.9572,7.1057,4.8244,,8.0797
3/3/14,0.8826,41.2453,590,0.0067,0.0087,17.8987,4.6017,13.5129,4.9344,5.6742,3.9116,,7.3232
5/3/14,0.8404,39.9511,595,0.0016,0.0084,19.1994,4.8339,12.6408,6.7838,4.1444,4.0749,,7.5213
7/3/14,,,,,,,,,,,,,
8/3/14,0.0652,39.5299,470,0,0.0094,19.9818,5.2417,11.0097,7.1495,4.4306,4.6468,,7.9354
10/3/14,0.6794,39.7105,297,0,0.0089,19.5604,5.0596,12.2922,4.5653,6.2507,4.3452,,7.5278
12/3/14,0.5212,40.3289,248,0,0.0091,19.4138,5.0281,12.1944,6.7201,4.1517,4.1279,,7.5048
14/3/14,0.5808,40.361,292,0.0008,0.0092,19.3013,5.0288,12.0208,7.0043,4.0926,4.0256,,7.5748
19/3/14,,,,,,,,,,,,,
22/3/14,0.1119,39.4982,,0.0076,0.0112,19.9439,2.5842,14.3798,4.6522,6.9458,4.009,,7.8562
23/3/14,0.1504,40.7643,156,0.0051,0.0112,19.2293,4.7793,13.3342,6.9773,3.9302,3.6838,,7.1349
23/3/14,,,80,,,,,,,,,,
23/3/14,,,126,,,,,,,,,,
23/3/14,0.7027,38.5984,,0,0.0095,19.6272,5.2725,11.6626,8.0308,4.5155,3.9255,,7.6553
24/3/14,0.5328,39.3368,133,0,0.0059,19.5521,5.2968,11.6181,5.5728,6.6657,3.8795,,7.5395
26/3/14,0.5752,40.272,133,0.0004,0.0093,19.8319,5.2385,12.0756,5.1298,6.1851,3.3362,,7.346
28/3/14,0.6898,39.1899,151,0.0006,0.009,19.7421,5.446,11.8077,7.5032,4.5331,3.441,,7.6376
31/3/14,0.7218,39.5916,159,0.0011,0.008,19.2876,5.3197,12.2199,7.4045,4.4441,3.3414,,7.6603
2/4/14,0.738,40.4953,159,0.0019,0.0086,18.8238,5.0258,12.9489,5.334,5.8918,3.1755,,7.5564
4/4/14,0.8282,40.4805,175,0.0028,0.0084,18.3316,4.6811,13.8124,5.6777,5.3014,3.3799,,7.496
7/4/14,0.5378,41.542,192,0.0006,0.0093,18.3577,4.368,13.7537,7.4599,3.2142,3.2279,,7.5289
9/4/14,0.7694,40.337,221,0.0067,0.0093,17.9826,4.5194,14.4928,5.7372,5.1547,3.3074,,7.6835
11/4/14,0.6709,38.4356,239,0.0073,0.0074,19.1197,5.3877,13.2612,5.2002,6.264,3.4646,,8.1814
14/4/14,0.8354,40.0984,245,0.0067,0.008,18.3998,4.7064,14.1582,7.1786,3.5873,3.2891,,7.7321
16/4/14,0.8013,40.6164,238,0.0031,0.0077,18.6542,4.2831,13.9951,5.71,5.1203,3.1655,,7.6433
18/4/14,,,288,,,,,,,,,,
18/4/14,,,,,,,,,,,,,
18/4/14,,,319,,,,,,,,,,
18/4/14,,,262,,,,,,,,,,
18/4/14,0.7889,43.1118,246,0.0015,0.0074,17.929,3.6993,14.1227,5.3367,4.809,2.7882,,7.4055
19/4/14,,,292,,,,,,,,,,
19/4/14,,,260,,,,,,,,,,
20/4/14,,,256,,,,,,,,,,
21/4/14,0.8661,44.1332,240,0.0009,0.0078,18.1493,3.4285,14.2809,5.5785,3.9985,2.6425,,6.9138
23/4/14,0.7969,44.9877,353,0.0008,0.0071,18.0663,3.3895,14.1091,5.6701,3.6485,2.5096,,6.8144
23/4/14,,,315,,,,,,,,,,
25/4/14,0.6004,43.2423,422,0.0006,0.0069,18.3369,3.6629,13.6485,6.5194,3.8572,2.9689,,7.156
26/4/14,,,470,,,,,,,,,,
27/4/14,,,495,,,,,,,,,,
28/4/14,0.5913,43.252,532,0.0003,0.0079,18.9645,4.5673,13.5524,5.1108,4.7464,2.3231,,6.884
30/4/14,0.8799,40.7498,660,0.0005,0.0086,20.9401,4.5796,12.273,6.6884,4.0136,2.8257,,7.0408
1/5/14,,,640,,,,,,,,,,
1/5/14,,,680,,,,,,,,,,
1/5/14,,,648,,,,,,,,,,
2/5/14,0.7529,41.7133,628,0.0005,0.009,19.0008,5.0108,12.97,6.6427,4.0735,2.8256,,7.0009
2/5/14,,,670,,,,,,,,,,
3/5/14,,,620,,,,,,,,,,
4/5/14,,,630,,,,,,,,,,
4/5/14,,,646,,,,,,,,,,
5/5/14,,,594,,,,,,,,,,
5/5/14,0.7837,41.1955,541,0.0005,0.0087,19.7613,5.0231,12.8864,4.4666,6.0667,2.8368,,6.9707
5/5/14,,,559,,,,,,,,,,
6/5/14,,,532,,,,,,,,,,
7/5/14,0.7201,41.2826,537,0.0007,0.0083,19.5423,5.0039,12.5366,6.684,4.1722,3.0141,,7.0352
7/5/14,,,505,,,,,,,,,,
8/5/14,,,506,,,,,,,,,,
9/5/14,0.6212,40.6588,468,0.0006,0.0078,18.8929,5.0233,12.9803,6.9561,4.4441,3.1165,,7.2984
9/5/14,,,524,,,,,,,,,,
10/5/14,,,446,,,,,,,,,,
11/5/14,,,442,,,,,,,,,,
11/5/14,,,447,,,,,,,,,,
12/5/14,0.6811,42.0578,428,0.0004,0.0083,18.2494,4.2694,14.4462,5.693,4.724,2.9347,,6.9357
12/5/14,,,424,,,,,,,,,,
13/5/14,,,435,,,,,,,,,,
14/5/14,,,416,,,,,,,,,,
14/5/14,0.7118,42.3665,419,0.0004,0.0083,18.1419,3.9391,15.1847,5.7756,4.255,2.6624,,6.9543
15/5/14,,,447,,,,,,,,,,
16/5/14,0.9605,45.1047,412,0,0.0068,17.8291,3.4246,15.2862,6.3218,2.3297,2.0816,,6.655
16/5/14,,,451,,,,,,,,,,
16/5/14,,,397,,,,,,,,,,
17/5/14,,,403,,,,,,,,,,
18/5/14,,,402,,,,,,,,,,
19/5/14,,,,,,,,,,,,,
21/5/14,,,,,,,,,,,,,
23/5/14,,,,,,,,,,,,,
26/5/14,,,,,,,,,,,,,
27/5/14,0.1872,34.8505,204,0.0013,0.0124,20.2676,4.6615,12.6272,6.8402,7.7169,3.7527,,9.0825
27/5/14,0.2842,39.8935,185,0.001,0.0106,18.0119,3.8582,15.7036,7.679,4.0401,2.9997,,7.5182
28/5/14,0.5034,41.0876,133,0.0009,0.0065,18.0678,4.2002,14.4478,5.5782,5.6171,3.1336,,7.3569
28/5/14,0.3207,40.7026,226,0.0017,0.0101,18.0535,3.8157,15.7239,5.2565,5.8971,2.8487,,7.3695
28/5/14,,,160,,,,,,,,,,
30/5/14,0.4958,39.7916,140,0.0009,0.0065,18.2044,4.753,13.307,5.6801,6.2447,3.8312,,7.6848
2/6/14,0.5015,41.8478,158,0.0007,0.0075,20.2718,4.2587,13.1891,6.38,3.1413,2.8456,,7.556
4/6/14,0.5705,40.568,163,0.001,0.008,19.3615,4.3117,12.7036,6.1103,5.2851,3.454,,7.6263
6/6/14,0.5722,40.7956,168,0.0012,0.0079,19.9116,4.1688,12.7388,5.9153,5.0097,3.4614,,7.4175
9/6/14,0.501,40.1507,190,0.0034,0.0071,21.3648,4.27,12.1671,5.2699,5.2857,3.3935,,7.5868
11/6/14,0.4621,38.6596,287,0.0035,0.0074,21.299,4.9225,12.1289,5.0079,5.8906,3.4292,,8.1893
13/6/14,0.4685,36.6605,345,0.0103,0.0074,20.9296,5.8135,11.4578,5.0365,7.1437,3.7177,,8.7545
13/6/14,,,,,,,,,,,,,
16/6/14,0.531,37.8772,330,0.0045,0.0073,20.0368,5.4327,12.3398,7.4542,4.3495,3.7386,,8.2284
18/6/14,0.5449,37.7777,330,0.0031,0.0077,20.6378,5.147,11.7245,8.3163,3.8478,4.0267,,7.9665
20/6/14,0.57,38.1883,411,0.0045,0.0077,20.0701,5.4575,11.4438,5.7344,6.7233,3.7846,,8.0158
23/6/14,0.5226,39.0771,527,0.0038,0.0078,19.5084,5.681,11.3223,5.0691,7.2986,3.4798,,8.0295
25/6/14,0.549,38.6336,546,0.0049,0.008,19.4252,5.7655,11.737,5.1524,6.9713,3.7158,,8.0373
27/6/14,0.5254,37.9847,608,0.0064,0.0082,19.0377,5.8656,11.197,5.0863,8.1192,3.9215,,8.248
30/6/14,0.5134,35.1618,665,0.0062,0.0084,18.7368,6.1862,10.4282,6.7191,8.6972,4.9967,,8.546
1/7/14,,,598,,,,,,,,,,
2/7/14,,,585,,,,,,,,,,
2/7/14,0.5575,37.7222,574,0.0086,0.008,18.9094,5.8769,10.9193,8.198,5.2543,4.2565,,8.2893
2/7/14,,,571,,,,,,,,,,
3/7/14,,,557,,,,,,,,,,
4/7/14,0.551,38.7307,555,0.0062,0.0078,18.7185,5.6376,11.5013,7.9751,4.5861,4.1697,,8.116
4/7/14,,,560,,,,,,,,,,
6/7/14,,,560,,,,,,,,,,
7/7/14,0.6097,39.3583,629,0.0058,0.0078,18.3461,5.2303,11.9413,5.2296,7.3462,3.892,,8.0329
8/7/14,,,633,,,,,,,,,,
8/7/14,,,590,,,,,,,,,,
9/7/14,0.6163,38.9509,601,0.007,0.0079,18.2902,5.2912,11.9356,5.7846,6.9733,4.0176,,8.1254
9/7/14,,,607,,,,,,,,,,
9/7/14,,,604,,,,,,,,,,
10/7/14,,,597,,,,,,,,,,
11/7/14,0.6713,39.3829,580,0.0073,0.0081,18.2027,5.1277,12.2872,5.8648,6.545,3.8605,,8.0425
12/7/14,,,594,,,,,,,,,,
13/7/14,,,563,,,,,,,,,,
14/7/14,0.6909,38.4308,557,0.0087,0.0089,17.7312,4.9611,12.9564,6.6158,6.3417,3.9577,,8.2968
14/7/14,,,552,,,,,,,,,,
15/7/14,,,541,,,,,,,,,,
15/7/14,,,543,,,,,,,,,,
15/7/14,,,542,,,,,,,,,,
16/7/14,0.6875,38.6625,556,0.0112,0.0092,17.6007,4.688,13.0665,6.6498,6.5215,3.911,,8.1921
18/7/14,0.7342,38.7966,535,0.0117,0.009,17.5649,4.7816,12.8811,8.8817,4.2033,4.0285,,8.1074
18/7/14,0.7048,39.1362,,0.0075,0.0091,17.4323,4.9081,13.5151,5.35,6.8808,3.4976,,8.5585
18/7/14,,,545,,,,,,,,,,
21/7/14,0.8017,39.2376,538,0.0101,0.0094,17.8778,4.6888,13.7035,7.9747,3.98,3.5646,,8.1518
21/7/14,,,510,,,,,,,,,,
22/7/14,,,537,,,,,,,,,,
23/7/14,,,534,,,,,,,,,,
23/7/14,0.7163,39.2501,533,0.0112,0.0094,17.8183,4.6524,13.4819,6.2227,6.1267,3.8148,,7.8962
24/7/14,,,542,,,,,,,,,,
24/7/14,,,650,,,,,,,,,,
25/7/14,0.7942,39.1532,592,0.0187,0.0091,17.9072,4.8254,13.6015,5.8078,6.1295,3.6051,,8.1483
25/7/14,,,550,,,,,,,,,,
25/7/14,,,579,,,,,,,,,,
26/7/14,,,575,,,,,,,,,,
27/7/14,,,650,,,,,,,,,,
27/7/14,,,697,,,,,,,,,,
27/7/14,,,669,,,,,,,,,,
27/7/14,,,635,,,,,,,,,,
27/7/14,,,627,,,,,,,,,,
28/7/14,,,620,,,,,,,,,,
28/7/14,0.7665,39.7807,604,0.0258,0.0084,17.6984,4.7648,12.9326,5.3635,6.7493,3.7756,,8.1344
28/7/14,,,622,,,,,,,,,,
28/7/14,,,605,,,,,,,,,,
29/7/14,,,600,,,,,,,,,,
30/7/14,0.6923,36.0103,555,0.0295,0.0093,17.9531,5.4861,12.433,6.8239,7.2817,4.6357,,8.6451
30/7/14,,,578,,,,,,,,,,
30/7/14,,,569,,,,,,,,,,
31/7/14,,,562,,,,,,,,,,
1/8/14,,,573,,,,,,,,,,
1/8/14,0.684,34.918,542,0.0353,0.0089,18.1211,5.7922,11.7714,7.1369,7.8248,4.794,,8.9134
1/8/14,,,601,,,,,,,,,,
1/8/14,,,550,,,,,,,,,,
2/8/14,,,479,,,,,,,,,,
4/8/14,0.6935,38.0602,518,0.0202,0.0081,18.0959,5.1977,13.0659,5.6524,6.8674,3.8771,,8.4616
4/8/14,,,499,,,,,,,,,,
5/8/14,,,540,,,,,,,,,,
6/8/14,0.5616,39.4773,477,0.0016,0.0077,17.6195,4.5618,13.9335,5.248,7.0259,3.4318,,8.1313
8/8/14,,,,,,,,,,,,,
11/8/14,,,,,,,,,,,,,
13/8/14,,,,,,,,,,,,,
14/8/14,,,477,,,,,,,,,,
14/8/14,0.33,40.6084,470,0.0012,0.0098,17.1394,3.9232,14.5819,5.2107,6.534,3.632,,8.0294
14/8/14,,,294,,,,,,,,,,
15/8/14,,,280,,,,,,,,,,
15/8/14,0.6592,35.7439,292,0.0165,0.0094,16.7801,5.1539,12.4055,5.9346,9.1196,4.49,,9.6873
15/8/14,0.6444,40.1006,260,0.005,0.0098,17.0527,4.3087,13.6912,4.8238,7.607,3.4627,,8.2941
15/8/14,,,299,,,,,,,,,,
16/8/14,,,295,,,,,,,,,,
16/8/14,,,308,,,,,,,,,,
16/8/14,,,287,,,,,,,,,,
18/8/14,,,312,,,,,,,,,,
18/8/14,0.7713,39.5439,319,0.008,0.008,16.6097,4.0222,14.0027,5.759,7.2674,3.6426,,8.3652
18/8/14,,,332,,,,,,,,,,
19/8/14,,,350,,,,,,,,,,
19/8/14,,,336,,,,,,,,,,
19/8/14,,,350,,,,,,,,,,
19/8/14,,,370,,,,,,,,,,
19/8/14,,,365,,,,,,,,,,
20/8/14,0.8248,39.6509,420,0.0076,0.0081,16.6561,4.0189,13.6922,6.5952,6.7329,3.6405,,8.1728
20/8/14,,,381,,,,,,,,,,
20/8/14,,,401,,,,,,,,,,
20/8/14,,,412,,,,,,,,,,
21/8/14,,,410,,,,,,,,,,
21/8/14,,,441,,,,,,,,,,
22/8/14,0.84,40.6109,504,0.0137,0.0083,16.9032,4.1051,13.6521,5.6788,6.7479,3.2698,,8.1702
22/8/14,,,440,,,,,,,,,,
22/8/14,,,480,,,,,,,,,,
22/8/14,,,490,,,,,,,,,,
22/8/14,,,477,,,,,,,,,,
22/8/14,,,506,,,,,,,,,,
23/8/14,,,500,,,,,,,,,,
23/8/14,,,511,,,,,,,,,,
23/8/14,,,541,,,,,,,,,,
24/8/14,,,568,,,,,,,,,,
24/8/14,,,550,,,,,,,,,,
24/8/14,,,563,,,,,,,,,,
24/8/14,,,598,,,,,,,,,,
25/8/14,0.8472,40.6466,641,0.0142,0.0087,16.9413,4.3674,13.5665,5.5144,6.7124,3.3267,,8.0546
25/8/14,,,586,,,,,,,,,,
25/8/14,,,602,,,,,,,,,,
26/8/14,,,,,,,,,,,,,
26/8/14,,,636,,,,,,,,,,
26/8/14,,,607,,,,,,,,,,
26/8/14,,,621,,,,,,,,,,
27/8/14,0.7369,39.6778,670,0.017,0.0084,17.6047,4.8101,13.0126,4.9185,7.6439,3.565,,8.0051
27/8/14,,,634,,,,,,,,,,
27/8/14,,,700,,,,,,,,,,
27/8/14,,,670,,,,,,,,,,
28/8/14,,,668,,,,,,,,,,
28/8/14,,,670,,,,,,,,,,
28/8/14,,,717,,,,,,,,,,
29/8/14,,,640,,,,,,,,,,
29/8/14,0.7756,39.9655,770,0.0256,0.0087,17.2049,4.7485,12.7741,5.2787,7.5124,3.5737,,8.1323
29/8/14,,,700,,,,,,,,,,
29/8/14,,,745,,,,,,,,,,
30/8/14,,,795,,,,,,,,,,
30/8/14,,,798,,,,,,,,,,
31/8/14,,,850,,,,,,,,,,
31/8/14,,,860,,,,,,,,,,
31/8/14,,,840,,,,,,,,,,
31/8/14,,,890,,,,,,,,,,
31/8/14,,,891,,,,,,,,,,
1/9/14,0.7323,39.1628,,0.0288,0.0088,17.3775,5.0993,12.0457,4.9592,8.4274,4.018,,8.1402
1/9/14,,,923,,,,,,,,,,
1/9/14,,,920,,,,,,,,,,
1/9/14,,,950,,,,,,,,,,
1/9/14,,,983,,,,,,,,,,
2/9/14,,,896,,,,,,,,,,
2/9/14,,,940,,,,,,,,,,
2/9/14,,,890,,,,,,,,,,
2/9/14,,,890,,,,,,,,,,
2/9/14,,,800,,,,,,,,,,
2/9/14,,,825,,,,,,,,,,
3/9/14,0.6926,38.6181,793,0.0204,0.0092,17.703,5.1194,11.8084,6.0042,7.602,4.2111,,8.2116
3/9/14,,,860,,,,,,,,,,
3/9/14,,,820,,,,,,,,,,
4/9/14,,,840,,,,,,,,,,
4/9/14,,,833,,,,,,,,,,
4/9/14,,,840,,,,,,,,,,
4/9/14,,,841,,,,,,,,,,
5/9/14,0.6058,39.0063,824,0.0202,0.0086,18.1436,5.3192,12.1287,4.9418,7.6401,3.7501,,8.4356
5/9/14,,,815,,,,,,,,,,
5/9/14,,,798,,,,,,,,,,
6/9/14,,,800,,,,,,,,,,
6/9/14,,,780,,,,,,,,,,
6/9/14,,,759,,,,,,,,,,
7/9/14,,,760,,,,,,,,,,
7/9/14,,,720,,,,,,,,,,
7/9/14,,,763,,,,,,,,,,
8/9/14,0.5693,38.885,821,0.0196,0.0084,18.1972,5.2683,11.5741,4.9245,8.2603,3.9357,,8.3576
8/9/14,,,780,,,,,,,,,,
8/9/14,,,779,,,,,,,,,,
9/9/14,,,820,,,,,,,,,,
9/9/14,,,820,,,,,,,,,,
9/9/14,,,793,,,,,,,,,,
9/9/14,,,799,,,,,,,,,,
10/9/14,0.588,38.3026,808,0.0206,0.0085,17.9599,5.3161,13.1462,3.5243,8.1556,4.4206,,8.5576
10/9/14,,,829,,,,,,,,,,
10/9/14,,,827,,,,,,,,,,
10/9/14,,,841,,,,,,,,,,
11/9/14,,,765,,,,,,,,,,
11/9/14,,,765,,,,,,,,,,
11/9/14,,,735,,,,,,,,,,
11/9/14,,,732,,,,,,,,,,
12/9/14,0.5667,38.3048,690,0.0144,0.0085,17.8721,5.167,11.9032,5.1436,8.2479,4.2772,,8.4946
12/9/14,,,703,,,,,,,,,,
13/9/14,,,695,,,,,,,,,,
13/9/14,,,738,,,,,,,,,,
13/9/14,,,730,,,,,,,,,,
14/9/14,,,720,,,,,,,,,,
15/9/14,0.4996,38.8346,795,0.0105,0.008,18.6584,4.6628,12.2126,4.6946,8.2096,4.0654,,8.1439
15/9/14,,,772,,,,,,,,,,
16/9/14,,,793,,,,,,,,,,
16/9/14,,,854,,,,,,,,,,
17/9/14,,,828,,,,,,,,,,
17/9/14,0.4959,36.0747,954,0.0124,0.0078,19.199,5.1536,11.1094,4.9485,8.8865,5.235,,8.8772
17/9/14,,,882,,,,,,,,,,
17/9/14,,,915,,,,,,,,,,
18/9/14,,,893,,,,,,,,,,
18/9/14,,,757,,,,,,,,,,
18/9/14,,,770,,,,,,,,,,
18/9/14,,,740,,,,,,,,,,
18/9/14,,,759,,,,,,,,,,
19/9/14,0.5664,35.1951,,0.0218,0.0074,19.6334,5.2969,10.9951,4.9495,9.2752,5.0812,,8.978
19/9/14,,,720,,,,,,,,,,
19/9/14,,,,,,,,,,,,,
19/9/14,,,876,,,,,,,,,,
19/9/14,,,860,,,,,,,,,,
19/9/14,,,1000,,,,,,,,,,
20/9/14,,,959,,,,,,,,,,
20/9/14,,,983,,,,,,,,,,
20/9/14,,,1000,,,,,,,,,,
20/9/14,,,923,,,,,,,,,,
21/9/14,,,837,,,,,,,,,,
21/9/14,,,831,,,,,,,,,,
21/9/14,,,906,,,,,,,,,,
22/9/14,,,850,,,,,,,,,,
22/9/14,,,828,,,,,,,,,,
23/9/14,,,870,,,,,,,,,,
23/9/14,,,742,,,,,,,,,,
23/9/14,,,752,,,,,,,,,,
24/9/14,0.572,41.0413,745,0.0169,0.0069,20.2866,4.789,11.3285,4.0318,6.5411,3.3592,,8.0267
24/9/14,,,700,,,,,,,,,,
24/9/14,,,709,,,,,,,,,,
25/9/14,,,760,,,,,,,,,,
26/9/14,0.499,45.9407,686,0.0163,0.0068,16.9397,4.2006,10.2983,3.9303,6.7702,3.3473,,8.0508
25/9/14,,,694,,,,,,,,,,
26/9/14,,,670,,,,,,,,,,
26/9/14,,,675,,,,,,,,,,
27/9/14,,,676,,,,,,,,,,
27/9/14,,,702,,,,,,,,,,
27/9/14,,,719,,,,,,,,,,
28/9/14,,,672,,,,,,,,,,
28/9/14,,,684,,,,,,,,,,
28/9/14,,,680,,,,,,,,,,
29/9/14,0.506,43.3574,690,0.0084,0.0071,18.5494,4.3982,10.7766,4.1844,6.7652,3.3409,,8.1064
29/9/14,,,676,,,,,,,,,,
29/9/14,,,702,,,,,,,,,,
30/9/14,,,697,,,,,,,,,,
30/9/14,,,695,,,,,,,,,,
30/9/14,,,700,,,,,,,,,,
1/10/14,0.5274,42.3128,735,0.0109,0.0072,18.831,4.4322,11.4007,4.1148,6.957,3.3982,,8.0078
1/10/14,,,694,,,,,,,,,,
2/10/14,,,696,,,,,,,,,,
2/10/14,,,720,,,,,,,,,,
3/10/14,0.4837,40.6449,715,0.0086,0.0076,18.2793,4.661,10.9805,4.9315,7.7809,3.9521,,8.2699
3/10/14,,,739,,,,,,,,,,
3/10/14,,,733,,,,,,,,,,
4/10/14,,,740,,,,,,,,,,
4/10/14,,,763,,,,,,,,,,
5/10/14,,,765,,,,,,,,,,
5/10/14,,,827,,,,,,,,,,
6/10/14,0.5818,41.1369,816,0.0116,0.0085,18.2236,4.9022,12.2386,4.0108,7.5088,3.5069,,7.8703
6/10/14,,,866,,,,,,,,,,
6/10/14,,,810,,,,,,,,,,
6/10/14,0.5818,41.1369,816,0.0116,0.0085,18.2236,4.9022,12.2386,4.0108,7.5088,3.5069,,7.8703
7/10/14,,,816,,,,,,,,,,
7/10/14,,,800,,,,,,,,,,
8/10/14,,,796,,,,,,,,,,
8/10/14,0.5782,39.0782,825,0.0111,0.0086,19.306,5.1335,11.9032,4.2579,7.8175,3.796,,8.1098
9/10/14,,,800,,,,,,,,,,
9/10/14,,,799,,,,,,,,,,
9/10/14,,,820,,,,,,,,,,
10/10/14,,,790,,,,,,,,,,
10/10/14,,,813,,,,,,,,,,
10/10/14,0.6292,38.9221,802,0.0144,0.0076,19.9229,5.013,11.923,4.0456,7.7177,3.6663,,8.1382
11/10/14,,,830,,,,,,,,,,
11/10/14,,,811,,,,,,,,,,
11/10/14,,,817,,,,,,,,,,
12/10/14,,,820,,,,,,,,,,
12/10/14,,,815,,,,,,,,,,
12/10/14,,,826,,,,,,,,,,
13/10/14,,,815,,,,,,,,,,
13/10/14,,,792,,,,,,,,,,
13/10/14,0.5853,37.5267,760,0.0112,0.0073,20.7674,5.171,11.6005,4.0852,7.9955,3.9002,,8.3497
14/10/14,,,796,,,,,,,,,,
14/10/14,,,769,,,,,,,,,,
14/10/14,,,750,,,,,,,,,,
15/10/14,,,761,,,,,,,,,,
15/10/14,,,762,,,,,,,,,,
15/10/14,0.5864,37.6492,755,0.0119,0.0049,20.4633,5.1147,12.2533,3.8334,8.0063,3.9611,,8.1155
16/10/14,,,750,,,,,,,,,,
17/10/14,,,777,,,,,,,,,,
17/10/14,,,772,,,,,,,,,,
17/10/14,0.5623,38.2446,762,0.0099,0.0077,20.285,5.073,12.0945,3.9409,7.8492,3.9368,,7.9961
18/10/14,,,768,,,,,,,,,,
18/10/14,,,791,,,,,,,,,,
19/10/14,,,762,,,,,,,,,,
19/10/14,,,735,,,,,,,,,,
20/10/14,,,785,,,,,,,,,,
20/10/14,0.5344,35.73,766,0.0102,0.0082,19.8488,5.4867,11.3784,4.9277,8.4779,4.575,,9.0227
21/10/14,,,749,,,,,,,,,,
22/10/14,,,779,,,,,,,,,,
22/10/14,0.5876,38.4115,794,0.0126,0.0076,19.8388,4.7188,12.2061,4.4182,7.8084,3.852,,8.1384
23/10/14,,,797,,,,,,,,,,
23/10/14,,,807,,,,,,,,,,
24/10/14,,,830,,,,,,,,,,
24/10/14,,,790,,,,,,,,,,
24/10/14,0.5329,37.2937,801,0.0105,0.0079,19.1792,5.0159,11.8181,4.7925,8.5012,3.992,,8.8561
25/10/14,,,786,,,,,,,,,,
25/10/14,,,803,,,,,,,,,,
26/10/14,,,790,,,,,,,,,,
26/10/14,,,831,,,,,,,,,,
27/10/14,,,860,,,,,,,,,,
27/10/14,,,823,,,,,,,,,,
27/10/14,0.448,38.8874,775,0.0063,0.0078,18.1405,4.9813,12.5877,4.5292,8.4067,3.6342,,8.3709
28/10/14,,,797,,,,,,,,,,
28/10/14,,,697,,,,,,,,,,
28/10/14,,,667,,,,,,,,,,
29/10/14,,,673,,,,,,,,,,
29/10/14,,,667,,,,,,,,,,
29/10/14,0.5567,39.7718,625,0.0064,0.0084,17.2559,4.6882,13.4807,4.8377,7.532,3.564,,8.2982
30/10/14,,,633,,,,,,,,,,
31/10/14,0.5513,39.8882,671,0.0079,0.0106,16.8235,4.2939,14.2991,4.8955,7.4989,3.8286,,7.9025
1/11/14,,,677,,,,,,,,,,
1/11/14,0.5699,40.1817,,0.009,0.0105,16.6616,4.3666,14.4484,4.7628,7.351,3.7096,,7.9289
3/11/14,,,679,,,,,,,,,,
3/11/14,0.5411,39.543,689,0.0109,0.0093,16.8092,4.6001,13.1734,4.7161,8.4727,4.1046,,8.0196
5/11/14,0.5234,39.9996,,0.0096,0.0092,16.9733,4.7766,13.3746,4.3175,8.303,3.9136,,7.7996
5/11/14,0.5026,38.6974,722,0.0092,0.0095,17.0811,4.975,12.8064,4.6668,8.9383,4.2821,,8.0316
6/11/14,,,727,,,,,,,,,,
7/11/14,0.5249,40.8657,657,0.0049,0.0096,16.8917,4.8699,13.7294,3.9926,7.5403,3.2879,,8.2831
10/11/14,,,797,,,,,,,,,,
10/11/14,0.5043,41.8544,1000,0.006,0.008,16.5297,4.1627,13.4737,4.8401,7.4596,3.5408,,7.6207
11/11/14,,,1050,,,,,,,,,,
11/11/14,,,1018,,,,,,,,,,
11/11/14,,,985,,,,,,,,,,
11/11/14,,,982,,,,,,,,,,
12/11/14,,,1006,,,,,,,,,,
12/11/14,0.5673,42.6772,950,0.0078,0.0072,16.2014,3.9014,13.2334,5.7346,6.8149,3.6479,,7.2069
14/11/14,,,980,,,,,,,,,,
14/11/14,0.5842,42.891,904,0.0118,0.0075,15.9972,3.7512,13.4036,6.02,6.3981,3.5422,,7.3932
16/11/14,,,956,,,,,,,,,,
17/11/14,0.5822,43.0245,954,0.0119,0.0077,15.976,3.5586,13.628,5.3813,7.169,3.3684,,7.2924
18/11/14,,,974,,,,,,,,,,
19/11/14,,,967,,,,,,,,,,
19/11/14,0.5149,40.2014,958,0.012,0.0094,17.7136,4.9145,12.8683,5.1022,7.3337,3.8282,,7.5018
21/11/14,0.4938,38.3953,1002,0.0108,0.0106,17.1434,5.6009,12.2451,5.4976,8.1028,4.2273,,8.2724
22/11/14,,,967,,,,,,,,,,
24/11/14,0.5346,41.2833,926,0.0123,0.0093,17.6865,4.9604,13.1612,4.2912,7.2469,3.3848,,7.4295
25/11/14,,,914,,,,,,,,,,
26/11/14,,,990,,,,,,,,,,
26/11/14,,,984,,,,,,,,,,
26/11/14,0.5319,41.6802,959,0.018,0.0093,18.1128,4.7734,13.3195,4.0261,6.8268,3.1319,,7.5701
27/11/14,,,1004,,,,,,,,,,
27/11/14,,,1004,,,,,,,,,,
27/11/14,,,957,,,,,,,,,,
28/11/14,,,990,,,,,,,,,,
28/11/14,,,917,,,,,,,,,,
28/11/14,0.4164,39.6981,915,0.0084,0.0096,18.3087,5.007,13.5279,4.6778,6.8558,3.3513,,8.139
30/11/14,,,893,,,,,,,,,,
1/12/14,,,958,,,,,,,,,,
1/12/14,0.3861,41.5778,980,0.0058,0.008,18.0531,4.3938,13.9375,4.1141,6.8592,3.1431,,7.5215
2/12/14,,,987,,,,,,,,,,
3/12/14,0.4108,42.0662,1015,0.0073,0.0078,17.8282,4.4055,13.9365,4.0619,6.6106,3.1464,,7.5188
4/12/14,,,1081,,,,,,,,,,
4/12/14,,,1023,,,,,,,,,,
5/12/14,,,986,,,,,,,,,,
5/12/14,,,748,,,,,,,,,,
5/12/14,,,980,,,,,,,,,,
6/12/14,,,821,,,,,,,,,,
7/12/14,,,754,,,,,,,,,,
8/12/14,,,758,,,,,,,,,,
8/12/14,0.3401,38.6447,675,0.0089,0.0083,18.9434,5.4559,11.8639,5.0062,7.9376,3.612,,8.179
10/12/14,,,771,,,,,,,,,,
10/12/14,0.3736,39.0544,848,0.01,0.0078,19.2694,5.7762,12.6111,4.0945,7.483,3.3236,,7.9964
11/12/14,,,891,,,,,,,,,,
12/12/14,,,,,,,,,,,,,
15/12/14,,,,,,,,,,,,,
17/12/14,0.0791,36.8434,158,0.0006,0.0099,20.9094,2.7731,13.7813,4.8148,8.3203,3.5795,,8.8886
17/12/14,0.1091,37.8984,158,0,0.0095,20.2457,5.492,11.7498,4.6116,7.9445,3.3925,,8.5469
17/12/14,0.0839,36.7679,155,0,0.0095,21.3985,5.548,11.4774,4.6182,7.9923,3.3913,,8.713
18/12/14,,,160,,,,,,,,,,
18/12/14,0.3157,37.4884,170,0,0.0091,20.0748,5.1114,12.9528,4.4332,7.7918,3.4324,,8.3904
19/12/14,,,158,,,,,,,,,,
19/12/14,0.4343,40.03,163,0,0.0042,20.3404,4.7827,13.0784,3.7596,6.8738,2.8123,,7.8843
22/12/14,,,191,,,,,,,,,,
22/12/14,0.4519,38.533,196,0.0006,0.0079,20.1509,4.9275,13.0483,4.369,7.4136,3.0346,,8.0627
24/12/14,0.404,39.3171,286,0.0005,0.0082,19.8239,4.9589,12.6165,4.4959,7.3996,3.1457,,7.8297
26/12/14,,,371,,,,,,,,,,
26/12/14,0.4266,39.9282,411,0.0007,0.0082,19.6833,4.9266,13.1647,4.1866,7.0527,3.0394,,7.583
27/12/14,,,485,,,,,,,,,,
29/12/14,0.4061,39.4689,584,0.0006,0.0091,19.2282,5.2242,13.0115,4.3101,7.3566,3.3183,,7.6664
30/12/14,,,602,,,,,,,,,,
30/12/14,,,617,,,,,,,,,,
31/12/14,,,635,,,,,,,,,,
31/12/14,0.415,41.0308,401,0.0009,0.0099,18.1102,4.8199,13.0979,4.2533,7.2908,3.2448,,7.7265
2/1/15,,,413,,,,,,,,,,
2/1/15,0.4022,39.1409,433,0.001,0.0097,18.8393,5.5157,12.4328,4.1672,7.6537,3.9144,,7.9231
4/1/15,,,438,,,,,,,,,,
4/1/15,,,486,,,,,,,,,,
5/1/15,0.5087,39.8219,483,0.0022,0.0093,18.6993,5.3811,12.82,4.1805,7.3574,3.5189,,7.7007
7/1/15,,,532,,,,,,,,,,
7/1/15,0.442,37.7711,556,0.0013,0.0095,18.9435,5.768,12.3018,4.6128,8.0101,3.9581,,8.1818
7/1/15,,,532,,,,,,,,,,
8/1/15,,,590,,,,,,,,,,
9/1/15,0.4187,37.0698,605,0.0012,0.0091,18.9626,5.8503,12.0938,4.8657,8.2262,4.1327,,8.3699
10/1/15,,,605,,,,,,,,,,
10/1/15,,,637,,,,,,,,,,
11/1/15,,,635,,,,,,,,,,
12/1/15,0.4673,38.8768,659,0.0016,0.0082,19.1806,5.4063,12.9223,4.3162,7.3141,3.5311,,7.9755
14/1/15,0.4955,38.6892,693,0.0033,0.0078,19.4052,5.4573,12.9615,4.2683,7.2433,3.5015,,7.9671
14/1/15,,,670,,,,,,,,,,
15/1/15,,,617,,,,,,,,,,
16/1/15,0.4798,38.3766,701,0.0025,0.0075,19.8794,5.616,12.6419,4.1541,7.2726,3.5199,,8.0497
16/1/15,,,700,,,,,,,,,,
18/1/15,,,731,,,,,,,,,,
18/1/15,,,703,,,,,,,,,,
19/1/15,0.4962,40.3106,687,0.0025,0.0075,19.4913,5.2929,12.7741,3.945,6.8603,3.1225,,7.6971
19/1/15,,,692,,,,,,,,,,
21/1/15,0.5273,40.6285,692,0.0027,0.0078,19.5074,5.4333,12.8403,3.6003,6.8721,2.9422,,7.6381
21/1/15,,,692,,,,,,,,,,
22/1/15,,,698,,,,,,,,,,
23/1/15,0.5592,38.2221,724,0.0048,0.0086,18.9376,5.8166,12.2755,4.4508,8.0499,3.7226,,7.9523
24/1/15,,,714,,,,,,,,,,
25/1/15,,,764,,,,,,,,,,
26/1/15,0.587,38.6968,701,0.0066,0.0094,18.3819,5.5211,12.8954,4.4845,7.9153,3.6243,,7.8777
26/1/15,,,700,,,,,,,,,,
27/1/15,,,780,,,,,,,,,,
28/1/15,0.6645,39.728,855,0.0071,0.0091,18.2139,5.4287,13.2416,4.1384,7.5928,3.3323,,7.6436
28/1/15,,,850,,,,,,,,,,
29/1/15,,,830,,,,,,,,,,
30/1/15,0.703,40.0445,835,0.0082,0.009,18.4306,5.3967,13.1063,4.0208,7.5782,3.2142,,7.4885
30/1/15,,,850,,,,,,,,,,
1/2/15,,,844,,,,,,,,,,
2/2/15,0.6578,38.257,815,0.0094,0.0083,20.8931,5.1028,12.3323,4.1397,7.4852,3.3281,,7.7863
2/2/15,,,788,,,,,,,,,,
3/2/15,,,835,,,,,,,,,,
3/2/15,,,780,,,,,,,,,,
4/2/15,0.6339,37.7808,705,0.0098,0.0045,22.9829,4.8375,11.6972,3.8163,7.0707,3.2564,,7.91
4/2/15,,,715,,,,,,,,,,
5/2/15,,,691,,,,,,,,,,
6/2/15,0.6507,37.6588,720,0.0114,0.007,23.1725,4.7725,11.8955,3.7889,6.9319,3.2009,,7.9099
9/2/15,0.5993,37.4949,732,0.0088,0.0081,21.9679,4.8144,12.115,4.1912,7.3005,3.3955,,8.1044
11/2/15,0.652,39.0284,759,0.0138,0.0085,21.2244,4.5765,12.7049,3.9805,6.8389,3.1927,,7.7794
13/2/15,0.6032,38.2313,769,0.0123,0.0089,20.7807,4.6119,12.6569,4.4888,7.2337,3.419,,7.9533
15/2/15,,,784,,,,,,,,,,
16/2/15,0.6435,40.0249,819,0.0143,0.0085,20.2678,4.4501,12.8596,4.1331,6.7928,3.157,,7.6484
17/2/15,,,810,,,,,,,,,,
18/2/15,0.626,40.7796,793,0.0152,0.0082,20.2491,4.4112,12.7491,3.9506,6.5894,3.0828,,7.5388
20/2/15,0.6612,41.6861,831,0.0237,0.0082,19.7673,4.418,12.8711,3.7935,6.411,3.0152,,7.3447
22/2/15,,,837,,,,,,,,,,
23/2/15,0.5836,39.621,860,0.0179,0.0088,19.7451,4.8436,12.4006,4.3914,7.0921,3.5561,,7.7398
25/2/15,0.5823,38.873,830,0.0194,0.009,19.7434,5.0028,12.4882,4.6046,7.2006,3.6079,,7.8688
25/2/15,,,829,,,,,,,,,,
27/2/15,0.6644,41.1921,861,0.0222,0.0082,19.5104,4.6673,13.3379,3.8984,6.3015,2.9171,,7.4805
27/2/15,,,815,,,,,,,,,,
28/2/15,,,840,,,,,,,,,,
2/3/15,0.6124,40.0957,836,0.0202,0.0083,19.4568,4.8636,13.0918,4.1411,6.8419,3.1241,,7.7441
4/3/15,0.5937,37.7133,835,0.0163,0.0087,19.5437,4.9942,12.503,5.0062,7.6589,3.7537,,8.2083
6/3/15,0.7432,41.6087,735,0.0261,0.0076,19.4733,4.3576,13.0952,3.8721,6.3628,2.9513,,7.5021
9/3/15,0.7517,40.6625,755,0.0218,0.0078,19.6748,4.6583,12.7762,3.6527,6.8455,3.1466,,7.8021
9/3/15,,,730,,,,,,,,,,
11/3/15,0.7061,39.6726,751,0.0156,0.0083,19.6432,4.7316,12.7668,4.2531,6.9534,3.3646,,7.8847
12/3/15,0.7129,41.5105,880,0.0163,0.0078,19.1926,4.4455,13.3272,3.8603,6.4225,2.9685,,7.5359
12/3/15,0.6889,39.9624,896,0.0155,0.0082,19.1985,4.6568,12.9783,4.3208,7.0009,3.2919,,7.8778
13/3/15,0.7404,41.6452,922,0.0209,0.0079,18.9356,4.4011,13.3238,3.9702,6.4572,2.9914,,7.5063
14/3/15,,,892,,,,,,,,,,
15/3/15,,,854,,,,,,,,,,
16/3/15,0.7255,41.8793,972,0.0301,0.0079,18.1778,4.2319,13.1666,4.2554,6.7992,3.0087,,7.7176
16/3/15,,,920,,,,,,,,,,
17/3/15,,,947,,,,,,,,,,
17/3/15,,,940,,,,,,,,,,
17/3/15,,,964,,,,,,,,,,
18/3/15,0.7324,40.875,917,0.0252,0.0078,18.3387,4.3339,13.9448,4.3897,6.6655,2.9183,,7.7687
18/3/15,,,953,,,,,,,,,,
19/3/15,,,926,,,,,,,,,,
19/3/15,,,970,,,,,,,,,,
20/3/15,0.7518,40.8066,983,0.0128,0.0085,18.7006,4.3525,14.2232,6.4312,4.0498,2.9456,,7.7174
20/3/15,,,978,,,,,,,,,,
21/3/15,,,1000,,,,,,,,,,
21/3/15,,,986,,,,,,,,,,
22/3/15,,,980,,,,,,,,,,
23/3/15,0.7495,41.5111,1008,0.0104,0.0086,18.313,3.9037,15.2439,4.342,5.7987,2.7331,,7.386
23/3/15,,,997,,,,,,,,,,
24/3/15,,,952,,,,,,,,,,
25/3/15,0.933,40.5456,,0.0104,0.0086,18.2034,3.9322,15.0773,5.0851,5.8127,2.9329,,7.4588
25/3/15,,,906,,,,,,,,,,
26/3/15,,,958,,,,,,,,,,
26/3/15,,,890,,,,,,,,,,
27/3/15,0.7339,39.8934,890,0.0083,0.0083,18.3873,3.9769,13.6505,8.0928,4.0224,3.2322,,7.994
27/3/15,,,860,,,,,,,,,,
30/3/15,,,,,,,,,,,,,
1/4/15,,,,,,,,,,,,,
3/4/15,,,,,,,,,,,,,
4/4/15,,,,,,,,,,,,,
5/4/15,,,810,,,,,,,,,,
5/4/15,,,253,,,,,,,,,,
5/4/15,,,253,,,,,,,,,,
6/4/15,0.9299,40.6348,318,0.0007,0.0073,17.4839,4.187,12.8271,8.3771,4.2416,3.9004,,7.4102
8/4/15,0.9611,39.5346,358,0.0016,0.0074,17.7506,4.6962,12.6951,5.9693,6.9239,3.8717,,7.5885
10/4/15,1.0009,41.365,410,0.0028,0.007,18.072,4.7089,13.2435,4.5127,6.4382,3.2307,,7.4183
11/4/15,0.8681,38.7309,400,0.0027,0.0076,18.2843,5.0421,12.2753,5.8902,7.1129,4.0026,,7.7833
13/4/15,,,410,,,,,,,,,,
13/4/15,0.7951,36.7423,400,0.0025,0.008,18.4862,5.5393,11.8144,6.3852,7.7345,4.139,,8.3535
15/4/15,0.8387,37.0755,442,0.0043,0.008,18.1258,5.2018,12.3242,7.1006,7.1426,4.1886,,7.9899
15/4/15,,,445,,,,,,,,,,
17/4/15,0.7003,40.7454,531,0.0048,0.0075,17.9403,4.4858,14.3166,4.9991,6.4234,2.8373,,7.5395
17/4/15,,,510,,,,,,,,,,
19/4/15,,,620,,,,,,,,,,
20/4/15,0.7706,43.186,539,0.0042,0.0085,19.2674,4.387,14.2718,3.8107,4.8765,2.0868,,7.3305
20/4/15,,,567,,,,,,,,,,
21/4/15,,,547,,,,,,,,,,
22/4/15,0.7954,42.0178,511,0.0061,0.0082,18.7137,4.4835,13.7154,4.7835,5.3545,2.7086,,7.4133
24/4/15,0.7977,42.6936,540,0.0097,0.0091,18.7637,4.4272,14.1261,4.0886,5.3348,2.2238,,7.5257
26/4/15,0.7955,42.9571,,0.0149,0.009,18.5951,4.3457,14.3218,3.9792,5.3385,2.1654,,7.4778
26/4/15,,,559,,,,,,,,,,
27/4/15,0.7267,41.1828,571,0.0156,0.0098,18.7685,4.6778,13.8763,4.4552,5.8959,2.4372,,7.9542
28/4/15,,,605,,,,,,,,,,
29/4/15,0.7577,39.5898,620,0.0208,0.009,18.7653,5.0946,13.1334,4.6113,6.9547,2.6623,,8.4011
29/4/15,,,621,,,,,,,,,,
1/5/15,0.7537,38.4793,660,0.0229,0.0089,18.7236,5.2477,12.7378,4.94,7.4699,3.0681,,8.5481
2/5/15,0.8715,39.4378,690,0.0311,0.0084,18.5751,5.1074,12.9117,4.615,7.2053,2.9349,,8.3018
3/5/15,,,667,,,,,,,,,,
3/5/15,0.8029,39.0097,653,0.0228,0.008,18.4614,5.2097,12.1083,4.5807,8.0112,3.0857,,8.6996
4/5/15,0.8348,39.5819,660,0.027,0.0078,18.647,5.0974,12.3624,4.5595,7.5295,2.9718,,8.3809
5/5/15,0.8198,38.9021,667,0.0281,0.0079,18.9189,5.3699,12.0649,4.5169,7.6975,3.1378,,8.5362
6/5/15,0.8055,38.2884,698,0.028,0.0084,19.022,5.5641,11.9007,4.554,7.9751,3.2182,,8.6356
7/5/15,,,738,,,,,,,,,,
7/5/15,,,729,,,,,,,,,,
8/5/15,1.0026,37.4025,705,0.0374,0.0081,19.2306,5.8231,12.3111,4.3679,7.9314,3.2482,,8.6371
11/5/15,1.0396,37.0453,757,0.0331,0.0082,19.3279,6.1224,12.5738,4.1145,7.9596,3.1491,,8.6265
12/5/15,,,708,,,,,,,,,,
13/5/15,1.0752,37.5491,747,0.0334,0.0083,19.5454,6.0587,12.6082,4.0342,7.6503,2.9565,,8.4807
15/5/15,0.9465,35.3389,780,0.0346,0.0089,19.604,6.5618,12.1001,4.5268,8.5876,3.2716,,9.0192
16/5/15,,,738,,,,,,,,,,
18/5/15,1.0774,40.6726,817,0.041,0.0077,17.0383,4.8372,13.709,4.4531,7.2456,2.6322,,8.2859
18/5/15,,,822,,,,,,,,,,
19/5/15,,,817,,,,,,,,,,
19/5/15,,,821,,,,,,,,,,
20/5/15,1.0039,41.5338,819,0.0397,0.0074,16.5891,4.364,14.0291,4.4977,7.2537,2.5935,,8.0881
20/5/15,,,795,,,,,,,,,,
21/5/15,,,766,,,,,,,,,,
22/5/15,0.9336,40.0944,829,0.0181,0.0112,16.685,4.661,14.9248,4.5429,7.1787,3.3321,,7.6182
22/5/15,,,834,,,,,,,,,,
23/5/15,,,828,,,,,,,,,,
23/5/15,,,740,,,,,,,,,,
25/5/15,,,754,,,,,,,,,,
25/5/15,0.9863,39.696,806,0.0209,0.0108,16.6738,4.7887,15.2725,4.3448,7.1871,3.5136,,7.5055
26/5/15,,,753,,,,,,,,,,
27/5/15,0.9137,38.9123,,0.0234,0.0105,18.9775,4.6983,14.7496,3.718,5.9376,2.5462,,9.5129
27/5/15,1.0171,40.9637,778,0.0269,0.0097,17.1213,4.8058,15.1943,3.8622,6.8356,2.8629,,7.3005
29/5/15,0.9158,40.3493,722,0.0216,0.0084,18.4492,4.7657,13.3984,4.0081,7.3064,2.7638,,8.0133
1/6/15,0.9407,37.6535,735,0.0292,0.0079,19.4896,4.7042,12.5172,4.7248,8.1527,3.155,,8.6252
3/6/15,1.0497,40.6505,742,0.0415,0.008,18.7844,4.2392,12.8895,4.161,7.3974,2.7305,,8.0483
5/6/15,1.0344,40.6039,702,0.0414,0.0077,19.0935,4.2344,12.6475,4.1517,7.4619,2.6028,,8.1208
7/6/15,,,733,,,,,,,,,,
8/6/15,0.9072,41.8013,699,0.0289,0.0073,19.6711,4.4245,13.6639,3.5703,3.6714,4.3012,,7.9529
8/6/15,0.8377,40.8629,702,0.022,0.0073,19.6316,4.3473,13.2804,3.6448,6.7864,2.4783,,8.1013
10/6/15,0.9948,41.4313,702,0.0407,0.0076,18.1829,4.5734,13.3307,4.3563,6.2199,2.4008,,8.4616
12/6/15,0.9875,44.7949,856,0.0347,0.007,17.2706,3.8759,13.3639,3.9871,5.7282,2.1434,,7.8068
13/6/15,,,872,,,,,,,,,,
13/6/15,,,919,,,,,,,,,,
13/6/15,,,920,,,,,,,,,,
14/6/15,,,897,,,,,,,,,,
15/6/15,0.7666,43.0542,880,0.0234,0.0087,16.7036,3.9486,12.7991,4.6318,7.0318,2.5922,,8.44
15/6/15,,,908,,,,,,,,,,
17/6/15,0.7705,42.0378,887,0.0249,0.0062,16.7069,4.1388,13.1248,4.966,7.0024,2.7811,,8.4406
19/6/15,0.9289,45.2042,890,0.0338,0.0067,16.9152,3.9101,14.082,3.7686,5.2993,2.1094,,7.7418
20/6/15,,,921,,,,,,,,,,
20/6/15,,,972,,,,,,,,,,
21/6/15,,,891,,,,,,,,,,
21/6/15,,,883,,,,,,,,,,
22/6/15,0.9548,44.0767,938,0.0322,0.0071,17.3808,4.0257,14.406,3.839,5.2654,2.1264,,7.8859
22/6/15,,,888,,,,,,,,,,
23/6/15,,,919,,,,,,,,,,
23/6/15,,,900,,,,,,,,,,
24/6/15,0.8496,43.1678,860,0.0265,0.0072,17.7278,4.0847,13.6684,3.9782,6.1052,2.3344,,8.0502
24/6/15,,,871,,,,,,,,,,
24/6/15,,,894,,,,,,,,,,
25/6/15,,,859,,,,,,,,,,
26/6/15,0.8351,42.6691,761,0.0145,0.007,17.8226,4.1156,13.89,3.8988,4.2037,4.5312,,8.0124
27/6/15,,,690,,,,,,,,,,
27/6/15,,,739,,,,,,,,,,
28/6/15,,,680,,,,,,,,,,
28/6/15,,,655,,,,,,,,,,
28/6/15,,,686,,,,,,,,,,
29/6/15,0.8534,42.1323,664,0.0138,0.0068,16.9915,4.1995,12.989,4.7651,7.2945,2.7501,,8.004
29/6/15,,,692,,,,,,,,,,
29/6/15,,,638,,,,,,,,,,
30/6/15,,,730,,,,,,,,,,
30/6/15,,,702,,,,,,,,,,
1/7/15,0.7999,39.6956,663,0.0125,0.0077,17.0945,4.7266,12.2328,5.2266,8.5602,3.2822,,8.3614
1/7/15,,,688,,,,,,,,,,
2/7/15,,,659,,,,,,,,,,
3/7/15,,,676,,,,,,,,,,
3/7/15,0.641,37.2967,690,0.0126,0.0078,17.2617,5.0855,11.29,6.042,9.7048,4.0225,,8.6354
6/7/15,0.8536,39.7723,769,0.0231,0.008,16.8744,4.6659,11.9425,5.0285,9.0789,3.6735,,8.0793
7/7/15,,,755,,,,,,,,,,
7/7/15,0.8535,39.8807,759,0.0213,0.0082,17.0437,4.7737,12.1804,5.1871,8.1989,3.4994,,8.3531
8/7/15,,,,,,,,,,,,,
8/7/15,,,736,,,,,,,,,,
10/7/15,,,,,,,,,,,,,
13/7/15,,,,,,,,,,,,,
15/7/15,0.2819,43.2795,85,0,0.0083,16.2682,3.6204,13.5238,5.0294,6.8911,3.4466,,7.6508
15/7/15,,,95,,,,,,,,,,
16/7/15,,,106,,,,,,,,,,
16/7/15,,,190,,,,,,,,,,
17/7/15,0.6691,39.9282,240,0.0005,0.0076,16.8141,4.1579,11.8905,6.4829,7.7248,3.9015,,8.4229
19/7/15,,,341,,,,,,,,,,
20/7/15,0.6855,37.7528,365,0.001,0.0083,18.963,4.4251,11.8364,6.2636,7.5764,3.6072,,8.8807
20/7/15,,,370,,,,,,,,,,
22/7/15,0.7615,37.0137,446,0.0017,0.007,19.4802,4.5586,10.8242,6.127,8.8177,3.7269,,8.6815
24/7/15,,,466,,,,,,,,,,
24/7/15,0.6799,37.7763,444,0.0022,0.0068,20.1965,4.9645,10.5373,5.3074,8.427,3.3102,,8.7919
24/7/15,,,409,,,,,,,,,,
26/7/15,,,454,,,,,,,,,,
27/7/15,0.8213,37.9142,484,0.0034,0.0071,18.6576,4.8991,10.7487,6.5043,7.8777,3.8264,,8.7402
29/7/15,0.8956,39.4462,561,0.0047,0.0068,18.9659,4.837,10.8824,5.6664,7.4305,3.2618,,8.6027
31/7/15,0.9439,40.4538,760,0.005,0.0066,19.01,4.5663,11.0515,5.4492,7.0645,3.0374,,8.4118
1/8/15,,,809,,,,,,,,,,
1/8/15,,,821,,,,,,,,,,
1/8/15,,,757,,,,,,,,,,
2/8/15,,,815,,,,,,,,,,
2/8/15,,,721,,,,,,,,,,
3/8/15,0.5955,35.4162,668,0.0007,0.0066,22.8553,4.6843,9.4848,5.8034,8.3884,3.5479,,9.2169
5/8/15,0.7188,36.3335,754,0.0028,0.0063,22.0468,4.6342,9.9345,5.8501,7.8541,3.5228,,9.0961
7/8/15,0.8506,38.0048,757,0.0042,0.0063,21.6906,4.3508,10.0926,5.5311,7.3956,3.345,,8.7284
10/8/15,0.9502,39.1712,785,0.0052,0.0062,21.8778,4.0228,10.3971,4.999,7.1053,3.1146,,8.3506
12/8/15,0.8763,38.6335,787,0.0052,0.006,21.9034,4.212,10.1531,7.7986,4.6684,3.1654,,8.5781
14/8/15,0.8166,38.5192,878,0.0052,0.0062,20.8658,4.3001,9.9754,5.6574,7.8208,3.4529,,8.5804
15/8/15,,,900,,,,,,,,,,
15/8/15,,,844,,,,,,,,,,
16/8/15,,,793,,,,,,,,,,
17/8/15,0.7293,37.601,917,0.0055,0.0074,19.4935,4.5173,9.4024,6.6801,8.7544,3.9116,,8.8975
17/8/15,,,891,,,,,,,,,,
17/8/15,,,859,,,,,,,,,,
18/8/15,,,922,,,,,,,,,,
19/8/15,,,903,,,,,,,,,,
19/8/15,0.6738,38.0485,827,0.0048,0.0074,19.7264,4.5128,9.4873,6.3862,8.4646,3.5629,,9.1253
19/8/15,,,881,,,,,,,,,,
21/8/15,0.8215,40.1963,950,0.0072,0.0073,19.4578,4.1705,10.1175,5.8174,7.4758,3.3273,,8.6014
22/8/15,,,935,,,,,,,,,,
22/8/15,,,902,,,,,,,,,,
23/8/15,,,927,,,,,,,,,,
23/8/15,,,894,,,,,,,,,,
24/8/15,0.9745,42.9848,813,0.0077,0.0065,18.5672,3.6692,11.3607,5.1673,6.2658,2.7122,,8.2841
24/8/15,,,862,,,,,,,,,,
26/8/15,1.0523,42.9034,690,0.0042,0.0066,18.1631,3.5001,11.2422,5.3082,7.0566,2.8016,,7.9617
28/8/15,0.9107,42.6341,602,0.0048,0.0071,18.2824,3.6165,11.956,5.2854,6.0859,2.7174,,8.4997
31/8/15,0.9042,41.8765,630,0.0055,0.0068,19.078,4.8751,10.8402,4.3804,6.8534,2.618,,8.5619
2/9/15,0.7692,43.7327,650,0.0108,0.0071,18.1433,4.0229,10.6356,5.0194,6.796,2.7786,,8.0844
2/9/15,,,664,,,,,,,,,,
4/9/15,0.7441,39.7977,650,0.0139,0.0067,20.4484,4.3484,9.7526,5.1927,8.0368,3.194,,8.4647
7/9/15,0.7729,41.2122,680,0.0141,0.007,20.5498,3.8796,11.0934,4.4786,6.925,3.0294,,8.038
9/9/15,0.7902,40.3826,663,0.0139,0.0069,20.387,3.678,11.206,4.92,7.1302,3.4247,,8.0605
11/9/15,0.8511,41.26,685,0.0113,0.0076,19.2999,3.8568,11.5292,4.5966,7.1697,3.4886,,7.9292
14/9/15,0.8944,41.0037,814,0.0131,0.008,18.6231,4.2331,11.8853,4.6298,7.1922,3.4527,,8.0646
15/9/15,,,800,,,,,,,,,,
15/9/15,,,826,,,,,,,,,,
16/9/15,0.9282,42.8561,883,0.0127,0.0073,18.2857,3.8815,12.7688,4.0932,6.632,3.2378,,7.2967
17/9/15,,,812,,,,,,,,,,
18/9/15,0.8419,40.3414,838,0.0106,0.0087,18.1733,4.3189,12.5177,4.9208,7.213,3.7088,,7.9449
21/9/15,0.7596,38.7911,833,0.0093,0.0092,18.3156,4.2631,11.8845,5.9565,7.7156,3.7131,,8.5824
23/9/15,0.8509,39.6919,764,0.0075,0.0087,18.8145,3.934,12.3247,5.2823,7.5198,3.4976,,8.0681
24/9/15,,,815,,,,,,,,,,
24/9/15,,,859,,,,,,,,,,
25/9/15,0.9364,40.792,872,0.0089,0.0059,19.2155,3.8719,11.6695,5.0027,7.3427,3.0437,,8.1108
25/9/15,,,854,,,,,,,,,,
26/9/15,,,844,,,,,,,,,,
27/9/15,,,726,,,,,,,,,,
28/9/15,0.9278,42.0021,731,0.0068,0.0075,18.8531,3.8599,12.3758,4.5066,6.6224,2.8459,,7.9921
30/9/15,0.8915,40.6684,635,0.007,0.0063,18.5513,4.1938,12.4894,4.8062,4.6717,5.6438,,8.0706
30/9/15,,,658,,,,,,,,,,
1/10/15,,,663,,,,,,,,,,
2/10/15,0.969,41.333,599,0.0048,0.008,18.5013,4.211,13.2495,4.2574,6.769,2.9131,,7.7839
2/10/15,,,607,,,,,,,,,,
3/10/15,,,613,,,,,,,,,,
4/10/15,,,510,,,,,,,,,,
5/10/15,0.8583,40.7159,503,0.002,0.0075,18.2273,4.2484,11.7591,4.8427,7.6277,3.6689,,8.0422
5/10/15,,,454,,,,,,,,,,
6/10/15,,,453,,,,,,,,,,
6/10/15,,,448,,,,,,,,,,
7/10/15,0.8819,42.4218,395,0.0003,0.0083,18.0918,3.9837,11.3346,4.99,6.6942,3.2388,,8.3546
9/10/15,,,,,,,,,,,,,
12/10/15,,,,,,,,,,,,,
14/10/15,,,,,,,,,,,,,
16/10/15,,,,,,,,,,,,,
1/11/15,0.5106,38.1145,,0.0038,0.0056,37.4255,2.6337,7.4173,2.3324,3.6638,1.6069,,6.2859
2/11/15,,,,,,,,,,,,,
3/11/15,,,180,,,,,,,,,,
3/11/15,,,187,,,,,,,,,,
3/11/15,0.8762,41.8534,151,0,0.0075,17.1352,3.1821,13.4563,6.6387,5.9524,4.0901,,6.8081
4/11/15,0.6041,40.8724,,0,0.0079,17.4465,3.2207,13.6332,6.1665,6.902,4.1806,,6.9661
5/11/15,,,183,,,,,,,,,,
6/11/15,0.724,38.7838,175,0.0006,0.0095,18.803,3.9685,14.961,4.0675,7.6797,2.8406,,8.1618
7/11/15,,,189,,,,,,,,,,
7/11/15,,,200,,,,,,,,,,
9/11/15,0.5836,37.4935,189,0.0008,0.0089,21.1606,4.6538,12.2366,4.004,7.454,4.8932,,7.511
11/11/15,1.2198,38.3128,161,0.0012,0.009,19.3326,4.3826,13.9888,4.286,7.1205,4.0923,,7.2544
11/11/15,,,182,,,,,,,,,,
12/11/15,,,166,,,,,,,,,,
13/11/15,0.5915,40.2167,158,0.0009,0.009,17.7019,4.3783,13.3766,4.6659,7.3381,4.0153,,7.7058
13/11/15,,,164,,,,,,,,,,
14/11/15,,,156,,,,,,,,,,
16/11/15,0.9115,39.8216,160,0.0023,0.009,17.3652,4.2392,13.3727,5.0314,7.3,4.2865,,7.6606
16/11/15,,,159,,,,,,,,,,
17/11/15,,,159,,,,,,,,,,
18/11/15,0.7876,41.0679,156,0.0013,0.0086,16.7504,3.9015,14.1981,4.9475,6.9555,3.7815,,7.6001
18/11/15,,,153,,,,,,,,,,
18/11/15,,,155,,,,,,,,,,
19/11/15,,,185,,,,,,,,,,
19/11/15,,,151,,,,,,,,,,
20/11/15,0.8295,39.0111,168,0.0017,0.0089,17.0013,4.4636,13.6058,4.9976,7.9948,3.9925,,8.0932
20/11/15,,,155,,,,,,,,,,
20/11/15,,,165,,,,,,,,,,
21/11/15,,,157,,,,,,,,,,
22/11/15,,,168,,,,,,,,,,
23/11/15,1.2965,33.3218,154,0.0017,0.0096,18.3366,6.3279,12.4509,4.8387,9.2694,5.4576,,8.6893
23/11/15,,,155,,,,,,,,,,
24/11/15,,,191,,,,,,,,,,
24/11/15,0.9032,34.9858,,0.0015,0.0114,19.3304,5.5538,12.947,4.0708,7.0551,3.8589,,11.2821
25/11/15,0.8519,33.8429,150,0.0016,0.0098,18.1458,6.3425,12.8514,5.0857,9.0453,5.3021,,8.521
27/11/15,1.8674,35.2945,152,0.002,0.0094,18.2731,6.0376,13.4696,4.2005,8.2246,4.3375,,8.2838
28/11/15,0.9219,34.6659,,0.001,0.0099,18.4871,6.1926,13.7831,4.6844,8.4783,4.2394,,8.5364
29/11/15,0.7421,35.1691,,0.0016,0.0099,18.2331,6.146,14.4612,4.5651,8.338,3.9241,,8.4098
29/11/15,0.9864,33.1903,,0.0014,0.0121,19.4602,6.3777,13.2471,3.8747,7.226,3.8178,,11.8063
30/11/15,0.7107,34.596,152,0.0016,0.01,18.01,6.3445,14.4609,4.3381,8.5464,3.91,,9.0718
30/11/15,0.9183,33.4279,,0.0015,0.0128,19.3528,6.4076,13.5405,3.858,7.1729,3.6197,,11.688
1/12/15,,,136,,,,,,,,,,
2/12/15,,,136,,,,,,,,,,
3/12/15,1.4889,34.2513,139,0.0017,0.0106,17.5122,6.3516,14.8477,4.268,8.1123,3.7298,,9.4259
3/12/15,0.9547,33.2746,,0.0015,0.0126,19.2771,6.5201,13.9637,3.8464,7.2692,3.459,,11.4211
3/12/15,,,156,,,,,,,,,,
4/12/15,1.0876,35.669,156,0.0004,0.01,16.9616,5.8937,14.4406,4.1846,9.2337,3.9292,,8.5896
4/12/15,,,156,,,,,,,,,,
5/12/15,,,151,,,,,,,,,,
5/12/15,,,156,,,,,,,,,,
5/12/15,,,173,,,,,,,,,,
6/12/15,,,156,,,,,,,,,,
6/12/15,,,155,,,,,,,,,,
7/12/15,0.8475,39.2205,159,0.0003,0.0093,17.7726,4.9626,14.0806,4.1735,7.6509,3.3064,,7.9758
7/12/15,,,156,,,,,,,,,,
8/12/15,,,157,,,,,,,,,,
9/12/15,0.7128,38.93,145,0.0006,0.0088,18.1198,4.8648,13.6749,4.1776,7.7775,3.7169,,8.0163
8/12/15,,,155,,,,,,,,,,
9/12/15,,,157,,,,,,,,,,
10/12/15,,,158,,,,,,,,,,
11/12/15,0.7141,39.0692,148,0.0006,0.0076,19.0041,4.8566,13.0781,4.0976,7.5202,3.5581,,8.0938
11/12/15,,,154,,,,,,,,,,
12/12/15,,,150,,,,,,,,,,
12/12/15,,,153,,,,,,,,,,
13/12/15,,,155,,,,,,,,,,
13/12/15,,,146,,,,,,,,,,
14/12/15,0.5489,37.7786,154,0.0007,0.0096,18.9255,5.151,12.6997,4.6362,7.9157,4.2021,,8.132
15/12/15,,,155,,,,,,,,,,
16/12/15,0.6562,38.5082,163,0.0012,0.0097,18.0121,4.8343,13.1664,4.732,7.9315,3.8387,,8.3097
17/12/15,,,149,,,,,,,,,,
18/12/15,0.6071,39.3689,156,0.0008,0.0114,17.4424,4.2929,13.717,4.6864,7.8622,4.0927,,7.9182
18/12/15,0.6216,36.8838,,0.0011,0.0112,19.467,5.0871,13.2708,3.9388,6.9549,3.3753,,10.3884
18/12/15,0.6215,38.7482,,0.0007,0.0116,17.5296,4.4097,13.0057,4.9556,8.3963,4.1786,,8.1425
18/12/15,0.6181,36.481,,0.0012,0.0115,19.3777,5.1067,13.2781,4.0838,7.1058,3.506,,10.4301
19/12/15,0.6449,39.6998,,0.0006,0.0109,17.273,4.1003,14.3802,4.6423,7.6554,3.9795,,7.6131
19/12/15,,,151,,,,,,,,,,
20/12/15,,,162,,,,,,,,,,
21/12/15,0.6504,38.2405,165,0.0011,0.0108,17.6872,4.6657,12.9539,4.488,8.1722,5.3053,,7.8249
21/12/15,0.6464,38.1217,,0.001,0.0158,17.838,4.689,12.8137,4.4728,8.1955,5.3311,,7.875
22/12/15,0.6767,39.7116,154,0.0014,0.0111,17.8654,4.6189,12.9952,4.155,7.5955,4.7789,,7.5903
23/12/15,0.596,38.1585,153,0.0009,0.0117,17.6764,4.7341,13.021,4.7855,8.1596,5.0286,,7.8277
25/12/15,0.6978,36.1305,155,0.002,0.0113,17.9644,5.3827,12.6387,4.7315,8.8596,5.2971,,8.2844
27/12/15,0.6386,37.2417,154,0.0018,0.0098,18.3137,5.5038,13.1271,4.0706,8.5057,4.3812,,8.206
28/12/15,0.7243,34.4048,156,0.0022,0.01,18.3621,5.8769,11.993,5.0203,9.5555,5.3949,,8.656
29/12/15,,,141,,,,,,,,,,
30/12/15,0.6724,37.3724,145,0.0018,0.0091,18.4919,5.3495,12.7442,4.2179,8.4017,4.5616,,8.1775
31/12/15,0.6804,38.0557,132,0.0022,0.0094,18.5895,5.2158,12.7547,4.022,8.1647,4.4367,,8.0689
1/1/16,0.6587,37.3607,159,0.0024,0.0092,18.5756,5.3466,12.1105,4.275,8.5304,4.9634,,8.1675
2/1/16,,,141,,,,,,,,,,
3/1/16,0.6514,37.0774,155,0.0036,0.0095,18.661,5.4028,11.6282,4.3969,8.6931,5.2256,,8.2505
3/1/16,,,153,,,,,,,,,,
4/1/16,0.596,40.3924,159,0.0024,0.0097,17.6458,5.0416,11.2804,4.0817,8.0635,4.9654,,7.9211
5/1/16,0.5385,42.6391,153,0.002,0.0102,16.7736,4.723,11.1747,4.092,7.7328,4.5566,,7.7575
5/1/16,,,146,,,,,,,,,,
6/1/16,0.5631,41.7852,160,0.0022,0.0095,16.7102,4.8303,11.4197,4.2143,7.8702,4.7282,,7.8671
7/1/16,0.5918,41.8588,151,0.0026,0.0095,16.4774,4.8477,11.3041,4.3099,7.9671,4.7268,,7.9043
8/1/16,0.6321,41.8881,163,0.0028,0.0093,16.6488,4.9456,11.6667,4.0384,7.7644,4.6192,,7.7846
10/1/16,0.6193,40.1488,162,0.0023,0.0094,17.35,5.3955,11.7427,3.9819,8.0647,4.7014,,7.984
11/1/16,0.5953,39.0231,150,0.0024,0.0099,17.3902,5.5305,11.8715,4.3787,8.3107,4.8106,,8.0771
13/1/16,0.6031,40.2325,,0.0024,0.0102,16.9874,5.2124,12.586,4.2581,7.9264,4.383,,7.7985
13/1/16,0.5239,37.9736,,0.0027,0.0125,18.3753,5.5936,11.6983,3.8618,7.3868,4.3031,,10.2684
13/1/16,0.5444,38.0952,150,0.0023,0.0111,16.7624,5.3961,11.9898,5.2348,8.7954,5.0676,,8.1009
15/1/16,0.6561,40.9264,158,0.0042,0.011,16.3539,4.8133,13.5199,4.493,7.6243,4.0472,,7.5507
15/1/16,,,146,,,,,,,,,,
16/1/16,,,163,,,,,,,,,,
17/1/16,,,156,,,,,,,,,,
17/1/16,0.5837,41.0418,,0.0022,0.0107,16.5355,4.3927,14.0122,4.6204,7.4286,3.8492,,7.523
17/1/16,,,156,,,,,,,,,,
18/1/16,0.5683,40.3852,162,0.0014,0.0108,16.4904,4.073,14.299,5.11,7.5362,3.8953,,7.6304
20/1/16,0.5686,41.3812,157,0.0005,0.0101,16.2804,3.5182,15.7981,4.8135,6.8913,3.4415,,7.2966
20/1/16,,,151,,,,,,,,,,
21/1/16,,,159,,,,,,,,,,
22/1/16,0.5621,40.7733,162,0.0003,0.0102,16.2691,3.4751,14.9604,5.278,7.4509,3.5369,,7.6837
23/1/16,,,157,,,,,,,,,,
25/1/16,0.8086,40.191,162,0.001,0.0096,16.1782,3.683,14.444,5.1827,7.8318,3.6683,,8.0018
27/1/16,0.6855,38.1224,154,0.0015,0.0097,17.7502,5.0868,12.7314,4.5086,8.5391,4.2047,,8.3601
29/1/16,1.0371,38.1486,155,0.0025,0.0095,17.6865,4.9932,12.1546,4.7174,8.6329,4.2324,,8.3853
30/1/16,,,162,,,,,,,,,,
31/1/16,0.8143,36.6489,,0.0018,0.0105,17.8903,5.5682,13.3629,4.5851,8.4948,4.4617,,8.1615
31/1/16,,,158,,,,,,,,,,
1/2/16,0.7462,37.2728,153,0.0029,0.0103,18.2874,5.7223,13.1308,4.1988,8.1843,4.3785,,8.0657
1/2/16,,,153,,,,,,,,,,
3/2/16,0.6914,36.3837,157,0.0023,0.0101,18.3361,5.8497,12.7001,4.368,8.6925,4.4906,,8.4755
4/2/16,,,150,,,,,,,,,,
4/2/16,,,156,,,,,,,,,,
4/2/16,,,159,,,,,,,,,,
5/2/16,0.6454,35.6519,157,0.0021,0.01,18.3079,5.937,12.1747,4.3132,8.9111,5.6634,,8.3833
5/2/16,,,149,,,,,,,,,,
6/2/16,,,155,,,,,,,,,,
8/2/16,0.7488,37.5834,151,0.0032,0.0094,18.5541,5.5431,11.7434,4.1229,8.4224,5.0452,,8.2241
10/2/16,0.7456,36.2586,160,0.0039,0.0088,19.2743,5.9471,11.2554,3.8371,8.8041,5.4273,,8.4378
12/2/16,0.6681,35.6065,,0.0035,0.011,19.9066,6.1763,11.668,3.2848,7.4071,4.4026,,10.8655
12/2/16,0.6766,35.7772,144,0.0022,0.0087,20.5168,6.8818,10.5689,3.5172,8.5322,4.9343,,8.5841
12/2/16,0.7557,35.8602,152,0.0025,0.009,20.0738,6.6164,11.4631,3.5416,8.3474,4.9229,,8.4074
14/2/16,0.669,37.6164,,0.0022,0.0085,19.6365,6.0555,11.3858,3.4451,8.2957,4.5412,,8.3441
15/2/16,0.7763,37.1116,156,0.0036,0.0089,19.8074,6.2556,11.8499,3.3127,7.9869,4.6561,,8.231
17/2/16,0.8017,37.2721,156,0.0045,0.0088,19.809,6.1764,11.9175,3.4402,7.8824,4.5902,,8.0972
19/2/16,0.7695,38.4843,160,0.0042,0.0086,19.6446,5.911,11.7458,3.3723,7.7318,4.357,,7.9709
21/2/16,,,140,,,,,,,,,,
22/2/16,0.7614,36.8674,146,0.0048,0.009,19.3421,5.9989,11.4439,3.9207,8.4371,4.9198,,8.2949
24/2/16,0.7456,36.652,162,0.0048,0.0088,18.7736,5.8261,11.5806,4.4031,8.7288,5.1156,,8.161
26/2/16,0.6689,35.1109,152,0.004,0.0097,18.7344,6.1273,11.4012,4.7058,9.4694,5.4778,,8.2906
27/2/16,,,166,,,,,,,,,,
29/2/16,0.7021,35.954,157,0.0036,0.0091,18.6617,5.9973,11.2505,4.6139,9.4314,5.3799,,7.9965
2/3/16,0.7694,37.8112,158,0.0044,0.0082,18.6453,5.6764,11.808,4.118,8.7826,4.7148,,7.6617
4/3/16,0.7964,37.8455,177,0.0055,0.0086,18.5351,5.5374,11.9846,4.1504,8.7894,4.7683,,7.5788
7/3/16,0.8505,37.8202,161,0.0064,0.0091,18.3656,5.5203,11.9991,4.2701,8.8569,4.7709,,7.5309
9/3/16,0.7738,35.8385,159,0.0069,0.0095,18.1835,5.9361,11.3996,4.6217,9.9792,5.1106,,8.1406
9/3/16,,,151,,,,,,,,,,
10/3/16,,,189,,,,,,,,,,
10/3/16,,,161,,,,,,,,,,
10/3/16,,,158,,,,,,,,,,
11/3/16,,,158,,,,,,,,,,
11/3/16,1.9576,36.0622,166,0.0051,0.0083,17.6107,5.5335,12.1043,4.7296,9.527,4.867,,7.5947
11/3/16,,,173,,,,,,,,,,
14/3/16,0.9737,34.4801,165,0.0037,0.0091,18.7943,6.3843,11.6335,4.6333,9.9146,5.025,,8.1484
16/3/16,0.762,34.18,160,0.0028,0.009,19.0486,6.6284,11.7225,4.4522,9.9631,5.0198,,8.2116
18/3/16,0.5436,34.151,160,0.0019,0.0094,19.3944,6.9278,11.1937,4.4538,9.9179,5.0487,,8.3578
21/3/16,0.6275,33.9772,159,0.0015,0.009,19.4531,7.0482,11.8737,4.2006,9.4882,5.0348,,8.2862
21/3/16,0.7073,35.7316,,0.0033,0.0096,20.349,6.4732,11.8511,3.5666,8.2496,4.1131,,8.9456
22/3/16,,,172,,,,,,,,,,
23/3/16,1.2862,33.7802,164,0.0025,0.0092,19.6945,7.2684,11.4723,3.8624,9.3862,4.9329,,8.3052
25/3/16,1.3662,34.7612,168,0.0025,0.0086,19.3838,6.7786,12.005,3.8521,8.9747,4.7571,,8.1102
28/3/16,0.6381,37.5536,153,0.0038,0.0082,18.7413,5.5695,12.4949,4.1205,8.4764,4.4711,,7.9226
30/3/16,0.6696,38.9451,155,0.0082,0.0079,18.2952,4.7565,12.7987,4.3767,8.1179,4.2729,,7.7513
1/4/16,0.6634,39.1098,166,0.0088,0.0077,18.167,4.4941,12.3011,4.614,8.3024,4.4812,,7.8505
4/4/16,0.7023,40.2197,163,0.0127,0.0075,17.9365,4.1837,12.6443,4.4838,7.9792,4.0754,,7.7549
6/4/16,0.7572,39.7506,161,0.0083,0.0077,18.2126,4.7288,12.7816,4.2744,7.8961,4.0147,,7.568
8/4/16,0.7208,38.6813,163,0.0061,0.0082,18.2443,4.9747,12.4349,4.6688,8.3311,4.1769,,7.7529
11/4/16,0.7681,38.833,167,0.0071,0.0086,17.6839,4.788,13.2225,4.7973,8.3332,3.9362,,7.6221
13/4/16,0.831,39.8388,188,0.007,0.0085,17.0634,4.2395,13.6094,4.5097,8.4679,3.7023,,7.7225
15/4/16,,,177,,,,,,,,,,
15/4/16,0.7156,39.6922,168,0.0068,0.0083,18.6906,3.8912,13.0425,4.3146,8.0469,3.8701,,7.7212
18/4/16,0.7288,39.9023,183,0.0052,0.01,17.8454,3.9356,13.2356,4.5903,8.2113,3.842,,7.6935
20/4/16,0.6908,39.5209,195,0.0057,0.009,18.2544,4.2564,12.8408,4.2742,8.2295,4.062,,7.8563
21/4/16,,,209,,,,,,,,,,
22/4/16,1.4706,37.0456,187,0.0056,0,21.0322,4.6979,12.2087,3.5639,7.9071,4.1237,,7.9447
25/4/16,1.8661,38.3826,209,0.0089,0.0061,19.6168,4.1814,12.7835,4.219,7.5,3.8944,,7.5412
27/4/16,0.9934,39.1728,178,0.0033,0.0082,19.3162,4.0559,13.5711,4.1578,7.3958,3.762,,7.5635
29/4/16,0.759,38.003,186,0.0023,0.0089,18.1351,4.2259,13.1644,4.5497,8.6905,4.2375,,8.2237
2/5/16,0.6451,38.9021,183,0.0038,0.0083,18.868,4.0607,12.9446,4.8554,7.7319,3.9757,,8.0044
4/5/16,0.7471,39.6298,195,0.0019,0.0082,18.7509,3.9539,13.4097,4.5672,7.373,3.8068,,7.7515
6/5/16,0.7472,38.8869,208,0.0029,0.0083,18.5715,4.0005,13.9369,4.8397,7.4301,3.766,,7.81
9/5/16,0.8191,39.5584,230,0.0038,0.0088,17.823,4.0053,14.4553,4.6005,7.437,3.4386,,7.8502
11/5/16,0.8758,38.8796,240,0.0054,0.0086,17.7337,4.1205,14.5245,4.7674,7.6433,3.6586,,7.7826
13/5/16,0.7932,37.2272,228,0.0051,0.009,17.6668,4.5756,13.7476,5.1933,8.3586,4.5933,,7.8303
16/5/16,0.7619,38.2536,224,0.0034,0.0092,17.8332,4.8744,13.0744,4.8506,8.1981,4.4084,,7.7328
18/5/16,0.6957,38.2044,202,0.0039,0.0094,17.9041,5.1966,11.4904,4.7669,9.0367,4.6917,,8.0002
19/5/16,,,189,,,,,,,,,,
20/5/16,1.4649,36.6692,160,0.0041,0.0084,19.9559,5.5816,11.6806,3.9049,8.1247,4.6126,,7.9931
23/5/16,2.5596,37.0756,164,0.0041,0.0084,19.4286,5.1036,12.1616,4.1288,7.6001,4.2549,,7.6747
25/5/16,0.7588,40.2223,160,0.0033,0.0066,18.7835,2.033,15.7119,3.9881,7.1023,3.9094,,7.4808
27/5/16,0.7589,40.6597,159,0.0035,0.0068,18.3659,4.3077,13.5399,4.0711,6.9793,3.9017,,7.4055
30/5/16,0.6771,39.6857,203,0.0036,0.0075,17.8469,4.3,12.8676,4.9142,7.6777,4.3888,,7.6309
1/6/16,0.5187,38.785,198,0.0017,0.0099,17.4501,4.343,12.805,5.2139,8.3843,4.3832,,8.1052
3/6/16,0.4879,35.7231,220,0.0022,0.0106,17.2949,4.4938,12.6726,6.548,9.24,5.1855,,8.3414
4/6/16,0.6206,37.981,,0.0026,0.0109,19.0146,4.427,13.2685,4.4049,7.183,3.7669,,9.32
6/6/16,0.7264,37.8546,216,0.0025,0.0103,17.1883,4.4475,13.7847,5.061,8.2948,4.6527,,7.9772
6/6/16,0.6347,39.1683,,0.0026,0.0101,17.2869,4.268,14.3075,4.6835,7.7052,4.1966,,7.7366
6/6/16,0.5379,35.5795,,0.0024,0.0118,18.5999,4.645,12.8599,5.3916,8.0835,4.4832,,9.8053
8/6/16,0.6595,38.2586,229,0.0024,0.0107,16.8596,4.3747,14.4859,4.8828,7.8529,4.297,,8.3159
10/6/16,0.7301,39.9501,218,0.0024,0.0108,16.3412,2.0585,17.0843,4.4826,6.7669,3.5935,,8.9796
13/6/16,0.751,39.9432,220,0.0026,0.0111,16.2007,4.06,15.0536,4.4586,6.8423,3.545,,9.1319
14/6/16,0.7126,38.2077,,0.0022,0.011,18.288,4.2141,13.6994,4.6944,7.2107,3.8268,,9.1331
15/6/16,1.2822,40.8686,223,0.0029,0.0102,16.5926,4.1068,14.1047,4.0843,6.2671,3.2198,,9.4608
17/6/16,1.0377,39.6979,223,0.0025,0.0102,16.4641,4.1699,13.225,4.4833,7.2626,3.8251,,9.8217
20/6/16,0.6709,38.1022,219,0.0021,0.0107,16.6247,4.4458,12.6449,5.2336,7.7342,4.3492,,10.1817
22/6/16,0.7561,38.7779,222,0.0027,0.0104,16.3236,4.366,13.6285,4.5547,7.7692,4.076,,9.7349
24/6/16,1.0026,39.7502,224,0.0031,0.01,16.0124,4.0711,14.6758,4.3909,7.1885,3.5776,,9.3178
27/6/16,0.8213,40.0205,243,0.0034,0.0101,15.6672,3.8505,15.1249,4.6967,6.8094,3.6797,,9.3163
29/6/16,0.9049,39.8286,249,0.0033,0.0096,15.8555,3.9208,15.6931,4.9177,6.2674,3.4299,,9.1692
1/7/16,1.1894,38.9216,225,0.0056,0.0101,15.2059,3.932,15.8439,4.8194,7.1203,3.4625,,9.4893
4/7/16,1.2903,38.7663,220,0.0031,0.0107,15.6356,4.1427,14.6207,5.1688,7.1066,3.5279,,9.7273
5/7/16,1.0324,39.2006,,0.003,0.0099,17.5607,3.8336,14.226,4.7453,6.8602,3.3704,,9.1579
6/7/16,1.9526,39.8269,228,0.0031,0.0108,15.3333,3.8626,14.7361,4.7148,6.9785,3.3965,,9.1848
8/7/16,1.6989,39.7569,230,0.0023,0.0102,15.2354,3.8904,14.8702,4.8834,6.8489,3.4411,,9.3623
11/7/16,1.7036,39.2295,250,0.0024,0.0102,15.4156,3.857,14.4468,4.8522,7.2386,4.373,,8.8711
13/7/16,2.6022,38.4403,228,0.0034,0.0111,15.3402,4.1198,14.5163,5.0271,6.6683,4.0328,,9.2385
15/7/16,0.8478,41.3283,212,0.0011,0.011,15.4397,3.7459,16.1817,4.3604,5.7937,3.245,,9.0454
15/7/16,,,223,,,,,,,,,,
16/7/16,,,207,,,,,,,,,,
18/7/16,0.9266,34.9041,218,0.0011,0.0119,16.0295,5.0452,14.7526,5.1038,9.0879,4.3828,,9.7545
18/7/16,0.4436,35.8377,220,0.0007,0.012,15.9606,4.8572,14.3834,5.1482,9.2894,4.3187,,9.7485
20/7/16,1.6828,33.6629,222,0.0012,0.0107,17.2636,6.0899,13.1033,4.7091,9.0561,4.9489,,9.4715
22/7/16,1.75,34.3616,216,0.0008,0.0094,18.3983,5.8745,12.787,4.5506,8.8435,4.8334,,8.5909
25/7/16,1.6294,36.0862,223,0.0011,0.0092,18.0247,5.1164,13.2775,4.8139,8.1992,4.5513,,8.2911
27/7/16,1.4469,37.34,242,0.0012,0.0088,17.9148,4.6681,13.8913,4.7155,7.8094,4.2669,,7.9371
29/7/16,1.0312,36.7608,250,0.0009,0.0084,18.1985,4.6684,13.9056,4.8254,8.1773,4.4988,,7.9247
29/7/16,1.8536,35.1278,229,0.0006,0.0088,18.0638,4.7068,13.7423,5.2655,8.5675,4.708,,7.9553
1/8/16,0.8416,34.9601,251,0.0006,0.0088,18.606,5.0053,12.2885,5.6274,9.0264,5.3654,,8.2699
3/8/16,0.7706,36.4832,242,0.0007,0.0079,18.9792,4.8093,12.4498,5.1554,8.4533,4.9782,,7.9124
5/8/16,1.67,35.093,226,0.0008,0.007,20.613,4.9115,11.135,4.9628,8.6061,5.0654,,7.9354
8/8/16,1.7294,35.1121,217,0.001,0.0066,20.8476,5.0464,10.8055,4.8234,8.686,4.709,,8.233
10/8/16,2.4367,35.1473,211,0.0011,0.0065,19.7887,4.9002,11.1247,5.158,8.6596,4.5523,,8.2249
11/8/16,,,209,,,,,,,,,,
12/8/16,,,,,,,,,,,,,
12/8/16,,,214,,,,,,,,,,
12/8/16,,,221,,,,,,,,,,
15/8/16,,,,,,,,,,,,,
17/8/16,,,,,,,,,,,,,
19/8/16,,,,,,,,,,,,,
21/8/16,0.1269,33.7165,124,0,0.0107,19.5082,5.3819,10.3873,6.9258,9.4386,5.6432,,8.8609
22/8/16,0.8319,36.4444,88,0.0013,0.008,18.6627,4.8814,10.7829,6.04,9.2501,4.6764,,8.4209
22/8/16,0.9613,36.0101,86,0,0.0082,18.6431,4.8966,11.3363,6.3368,8.7678,4.9078,,8.132
23/8/16,,,78,,,,,,,,,,
24/8/16,0.6828,37.8319,88,0.0008,0.0076,18.4861,4.8061,11.2716,5.7362,8.7439,4.2904,,8.1426
25/8/16,,,81,,,,,,,,,,
26/8/16,0.7308,37.8847,83,0.0008,0.0075,17.9882,4.7713,11.7918,5.4945,9.3474,3.9794,,8.0036
27/8/16,,,84,,,,,,,,,,
28/8/16,0.613,36.9034,84,0.001,0.0074,20.2237,5.0318,11.3365,5.2316,8.744,3.7416,,8.166
29/8/16,0.5767,37.5155,90,0.0007,0.0056,19.9116,5.173,11.0534,5.0003,8.6955,3.6785,,8.3892
29/8/16,,,81,,,,,,,,,,
30/8/16,0.5996,34.8108,,0.0008,0.0094,21.2474,5.4285,10.9961,4.6719,7.7151,3.4046,,11.1158
31/8/16,0.6395,38.1163,89,0.0009,0.0051,19.3659,5.046,9.9679,5.2305,9.1506,4.2374,,8.2399
2/9/16,0.734,39.3683,71,0.0009,0.0068,19.177,4.7452,10.6395,5.3063,8.0217,4.0623,,7.938
2/9/16,,,67,,,,,,,,,,
5/9/16,0.6388,38.9408,75,0.001,0.0071,18.3147,4.8306,9.9585,5.6874,8.9975,4.4627,,8.1609
7/9/16,,,92,,,,,,,,,,
7/9/16,0.6255,40.0737,95,0.001,0.0072,17.9899,4.6322,10.2273,5.5581,8.6606,4.2839,,7.9406
8/9/16,0.5697,37.5285,,0.0009,0.0086,20.1357,4.9512,10.1946,4.9302,7.8368,3.8518,,9.992
9/9/16,0.6258,39.4439,94,0.0011,0.0072,17.8947,4.6024,10.1846,5.9257,8.8626,4.3909,,8.0611
10/9/16,,,100,,,,,,,,,,
11/9/16,,,95,,,,,,,,,,
12/9/16,0.7204,38.028,93,0.0014,0.0079,19.0268,5.0601,10.8068,5.099,8.9412,3.9485,,8.3599
13/9/16,,,94,,,,,,,,,,
14/9/16,0.4811,36.3619,104,0.0014,0.0067,21.0451,5.1833,10.0766,4.9085,9.2339,4.3591,,8.3424
15/9/16,,,100,,,,,,,,,,
16/9/16,0.9865,34.8294,105,0.0021,0.0067,20.5668,5.9131,10.1223,4.7609,9.3443,4.9568,,8.5111
19/9/16,1.0309,33.5626,111,0.0598,0.0074,20.565,6.6129,9.8418,4.7824,9.6376,5.3287,,8.5709
21/9/16,0.7342,35.1389,123,0.0046,0.0081,19.3934,6.0733,10.7695,5.3999,9.2681,4.8187,,8.3913
23/9/16,0.6654,37.2966,120,0.006,0.0078,18.5348,5.2746,10.249,6.061,8.8986,4.8732,,8.133
26/9/16,0.5876,40.8121,106,0.0059,0.0078,17.8141,4.9477,11.5216,4.9464,7.6169,3.9847,,7.7552
28/9/16,0.721,40.3281,104,0.0056,0.0076,17.0654,4.7143,12.1787,5.1492,8.0514,4.1089,,7.6698
30/9/16,0.724,40.9457,119,0.0062,0.0077,16.3936,4.4538,12.0511,5.3044,8.1603,4.3886,,7.5646
3/10/16,0.7556,44.1736,110,0.0056,0.0073,16.0952,3.8577,13.2653,4.4246,6.8893,3.536,,6.9898
5/10/16,0.6801,40.5032,124,0.0059,0.0081,15.7473,4.1246,12.8543,5.8974,8.2124,4.4387,,7.528
7/10/16,0.7319,41.6262,113,0.0087,0.008,15.399,3.9834,13.2767,5.3348,8.1264,4.0719,,7.433
9/10/16,,,125,,,,,,,,,,
10/10/16,,,122,,,,,,,,,,
10/10/16,0.6986,41.018,124,0.0047,0.0078,15.9047,4.1054,12.8124,5.5496,8.1893,4.148,,7.5615
12/10/16,0.6773,40.3213,125,0.0074,0.008,16.2999,4.234,12.7195,5.6153,8.3564,4.0827,,7.6782
14/10/16,0.6837,40.248,127,0.0106,0.0078,16.7687,4.3405,12.6591,5.5054,8.1664,3.9886,,7.6212
17/10/16,0.6548,40.0683,130,0.006,0.0078,16.5614,4.4055,12.5729,5.7223,8.099,4.0861,,7.8159
19/10/16,0.686,40.3011,146,0.0038,0.008,16.2082,4.2042,13.0809,5.9161,7.8777,4.0017,,7.7123
21/10/16,0.628,39.5267,162,0.0069,0.0082,16.1432,4.2007,12.5291,6.2549,8.2317,4.5332,,7.9374
23/10/16,,,158,,,,,,,,,,
24/10/16,0.6691,39.3486,172,0.0051,0.0079,16.5112,4.5399,12.4459,5.2404,8.9005,3.9648,,8.3666
26/10/16,0.6472,40.1964,178,0.005,0.0077,16.8809,4.4864,12.2501,5.5275,8.2074,3.819,,7.9724
28/10/16,1.0077,39.1161,195,0.008,0.0075,17.5687,4.9897,12.3277,4.9561,8.3692,3.6481,,8.0012
30/10/16,,,190,,,,,,,,,,
31/10/16,0.6508,37.8073,163,0.0066,0.0071,18.5349,5.5435,11.1098,5.083,8.9286,4.0156,,8.3128
2/11/16,0.7601,38.625,188,0.0059,0.0071,18.7371,5.4229,12.13,4.4147,8.344,3.4652,,8.088
4/11/16,0.6618,43.4365,214,0.0036,0.0069,18.6333,4.576,12.559,3.1236,6.7344,2.5106,,7.7543
7/11/16,0.6853,40.6791,92,0.0048,0.0076,17.9795,4.535,12.3753,4.2995,8.0904,3.3651,,7.9784
8/11/16,,,216,,,,,,,,,,
9/11/16,0.7276,39.3952,212,0.0066,0.0077,18.2066,4.5953,12.5818,4.7364,8.3019,3.3804,,8.0605
11/11/16,0.6831,41.9021,210,0.0045,0.0075,17.2249,4.2117,12.8044,4.5947,7.7015,2.9023,,7.9633
14/11/16,0.6781,44.8467,245,0.0055,0.0073,15.7179,3.7712,12.2706,4.496,7.6934,2.8771,,7.6362
16/11/16,0.6829,43.8523,254,0.0046,0.0079,15.953,3.8969,11.957,4.4816,7.9289,3.2475,,7.9874
18/11/16,0.6577,42.8879,283,0.0037,0.0082,17.0871,4.1017,11.4125,4.2231,8.1135,3.2187,,8.2859
21/11/16,0.692,41.5311,265,0.0046,0.0074,16.9761,4.009,11.7998,4.7123,8.2275,3.7351,,8.3051
21/11/16,,,274,,,,,,,,,,
23/11/16,0.8297,42.7324,273,0.0047,0.0075,16.866,4.0503,12.3932,4.0784,7.6687,3.0949,,8.2742
25/11/16,0.6746,42.2947,309,0.0042,0.0076,16.3185,4.1457,12.1607,4.5879,8.3549,3.3247,,8.1265
28/11/16,0.6938,42.366,335,0.0034,0.0073,16.4772,4.1392,13.1773,4.0929,8.0727,3.1039,,7.8663
30/11/16,0.7022,42.0911,322,0.0039,0.0074,16.5762,4.2799,13.4236,4.1212,7.83,3.1332,,7.8313
2/12/16,0.6277,43.7517,346,0.004,0.0072,16.0593,4.038,12.8637,4.1681,7.5698,3.1923,,7.7182
5/12/16,0.2425,43.8359,341,0.0033,0.0074,16.0396,4.1468,13.6955,3.7966,7.4006,3.1718,,7.66
7/12/16,0.6668,45.0953,328,0.0031,0.0072,15.9091,3.9821,13.7347,3.6278,6.7205,2.7947,,7.4587
9/12/16,0.5773,43.656,302,0.0028,0.0074,15.9846,3.8951,13.8155,4.0941,7.117,2.921,,7.9292
12/12/16,0.5631,42.7999,300,0.0023,0.0075,16.282,4.0038,14.0869,3.8823,7.1305,3.3697,,7.872
12/12/16,,,318,,,,,,,,,,
14/12/16,0.9448,43.4706,288,0.0023,0.0072,16.1812,3.9775,14.3309,3.421,6.7891,3.2258,,7.6496
16/12/16,1.0317,43.8322,248,0.0025,0.0073,15.8117,3.8836,14.4065,3.5216,6.8137,3.1063,,7.5829
19/12/16,0.8417,42.959,254,0.003,0.0058,15.5314,3.8996,14.0364,4.3221,7.4587,3.1229,,7.8194
21/12/16,,,,,,,,,,,,,
23/12/16,,,,,,,,,,,,,
26/12/16,,,,,,,,,,,,,
26/12/16,0.6598,42.4939,,0.0026,0.0073,22.0583,3.4319,12.2356,3.1368,5.7437,2.45,,7.7801
27/12/16,,,216,,,,,,,,,,
28/12/16,0.3718,43.2344,151,0.0003,0.0077,15.5835,3.5992,13.1344,4.6111,8.1486,3.2288,,8.0802
28/12/16,0.3617,44.4456,148,0,0.008,15.3654,3.3735,14.2606,4.5212,7.0898,3.0048,,7.5694
30/12/16,0.5186,42.7995,134,0,0.0074,15.5493,3.5984,13.2399,5.3013,7.7115,3.3941,,7.88
2/1/17,0.5872,43.8686,139,0.0007,0.0069,15.7381,3.5887,13.0486,4.7292,7.5621,3.1356,,7.7343
4/1/17,0.6283,44.0687,154,0.0009,0.0066,15.8042,3.6201,13.0058,4.5749,7.4369,3.1622,,7.6914
6/1/17,0.6249,43.4469,145,0.0012,0.0067,16.0578,3.7069,12.976,4.6068,7.5338,3.1871,,7.8519
9/1/17,0.5778,42.6385,142,0.0015,0.0068,16.6677,3.7927,12.6043,4.4832,7.9106,3.2538,,8.0631
11/1/17,0.4306,43.0348,153,0.001,0.0068,16.0097,3.6832,12.2636,4.8485,8.1535,3.2495,,8.3188
13/1/17,0.3983,43.4083,159,0.0008,0.0067,15.1073,3.4581,12.368,4.86,8.6036,3.4609,,8.328
16/1/17,0.4426,43.1847,153,0.0007,0.0068,15.9469,3.3975,12.2609,5.0328,8.2571,3.486,,7.984
18/1/17,0.9008,42.8372,157,0.0008,0.0064,16.4783,3.3828,12.3376,4.7478,7.8216,3.7894,,7.6973
20/1/17,0.642,43.2934,159,0.001,0.0066,16.3497,3.4625,12.4531,4.588,7.8191,3.768,,7.6166
23/1/17,0.5811,41.4523,165,0.0011,0.0071,16.5826,3.7852,12.0145,5.0498,8.5239,4.3396,,7.6628
25/1/17,0.5839,40.872,165,0.0009,0.0053,16.6289,3.7808,12.465,4.8404,8.6307,4.567,,7.6251
27/1/17,0.6465,41.3013,165,0.001,0.007,16.5058,3.8258,12.8493,4.7761,8.1557,4.3177,,7.6138
30/1/17,2.1163,35.2651,153,0.0018,0.0075,18.3961,6.2822,11.6903,4.1633,9.2336,4.5067,,8.3371
30/1/17,,,172,,,,,,,,,,
1/2/17,1.8526,41.5284,156,0.0028,0.007,15.6001,4.5803,12.7835,4.5115,7.8728,3.4985,,7.7625
3/2/17,0.5574,41.2233,164,0.0015,0.0066,16.6331,4.2032,12.1466,4.673,8.5613,4.0005,,7.9935
6/2/17,0.7134,44.9497,167,0.0015,0.0065,15.0495,3.4518,13.114,4.6316,7.14,3.4035,,7.5385
8/2/17,0.4974,43.9482,177,0.0011,0.0067,14.9612,3.4329,12.4019,5.0448,8.1048,3.9597,,7.6413
10/2/17,0.8269,42.5667,174,0.0013,0.0049,15.6847,3.7646,12.783,4.8823,7.8928,3.9356,,7.6572
13/2/17,0.6931,39.3849,170,0.0017,0.0077,16.2598,4.3157,11.8009,5.2125,9.409,4.6627,,8.252
15/2/17,1.5211,33.4854,164,0.0017,0.0078,19.1689,6.8353,11.7012,4.2641,9.4432,5.0688,,8.5025
16/2/17,1.8249,33.1118,,0.0024,0.0078,19.18,7.0419,12.0242,4.0612,9.3617,4.8898,,8.4943
17/2/17,2.2326,33.882,158,0.0013,0.008,18.6112,6.7682,11.9454,4.1834,9.2743,4.7391,,8.3545
17/2/17,2.3849,32.7839,,0.002,0.008,19.098,7.0383,11.9081,4.0496,9.392,4.9002,,8.435
17/2/17,1.9891,32.454,,0.0012,0.0082,18.8299,7.0777,11.5218,4.4622,9.8395,5.22,,8.5964
18/2/17,2.2168,36.0602,,0.001,0.0076,17.7683,6.1765,12.1907,4.1582,8.9087,4.3311,,8.1809
20/2/17,2.0751,39.0548,171,0.0012,0.0071,16.9374,5.1322,12.7441,3.9805,8.2541,4.0496,,7.7639
22/2/17,1.9156,40.1296,186,0.0012,0.0069,16.1943,4.6985,12.6652,4.2886,8.1251,3.9921,,7.9829
24/2/17,0.8776,44.3962,189,0.001,0.0066,16.2089,4.1936,13.638,3.4985,6.7507,3.2066,,7.2223
27/2/17,0.6162,39.7503,200,0.0011,0.0072,16.5343,4.7591,12.8897,4.7179,8.5389,4.2173,,7.968
1/3/17,0.6268,38.0594,201,0.0009,0.007,17.8747,5.5382,12.4149,4.3964,8.6831,4.1822,,8.2164
3/3/17,1.5133,37.3997,190,0.001,0.0071,18.0581,5.7065,12.2502,4.3351,8.5046,4.0704,,8.154
6/3/17,0.473,41.4376,214,0.0008,0.0054,16.5701,4.8087,12.7464,4.4475,7.9137,3.7393,,7.8575
8/3/17,0.4944,40.0087,223,0.0011,0.0069,16.1964,4.8152,12.6849,5.0441,8.574,4.165,,8.0093
10/3/17,0.5348,40.8725,,0.0013,0.0072,16.0776,4.7118,13.0366,4.6549,8.3959,3.8683,,7.8391
10/3/17,,,224,,,,,,,,,,
10/3/17,0.5434,41.6323,231,0.0014,0.0066,15.8571,4.6078,12.8553,4.61,8.2699,3.7797,,7.8365
12/3/17,0.4544,43.1939,222,0.0013,0.0071,14.7032,3.616,14.2092,4.6351,8.0218,3.5095,,7.6485
13/3/17,2.1986,35.8101,213,0.001,0.006,21.1469,5.3491,11.7311,3.5803,8.1986,3.8013,,8.177
15/3/17,2.32,39.798,217,0.0014,0.004,17.5708,4.4917,12.2722,4.3446,7.8846,3.594,,7.7187
17/3/17,2.4098,34.8112,201,0.0019,0.0073,19.7974,6.3653,11.2884,4.1837,8.9711,3.889,,8.2749
20/3/17,2.418,36.4785,216,0.0019,0.007,18.2333,5.8937,11.518,4.1632,9.0169,4.0801,,8.1894
22/3/17,2.1821,37.0021,201,0.0014,0.0066,17.7441,5.6029,11.5705,4.6523,9.0556,4.1364,,8.046
24/3/17,1.8016,40.8143,219,0.0026,0.0068,16.3195,4.6478,12.4757,4.5387,8.0296,3.6876,,7.6758
27/3/17,0.7273,40.1938,223,0.002,0.0073,16.7857,4.6895,12.2896,4.8183,8.5835,3.9889,,7.9141
29/3/17,0.5915,44.6886,249,0.0016,0.0051,16.7706,4.0642,13.273,3.6422,6.7659,2.9938,,7.2035
31/3/17,0.4861,42.4255,242,0.0014,0.0072,16.0121,4.1041,12.5523,4.8452,8.0506,3.8492,,7.6663
3/4/17,0.4579,40.8243,250,0.0013,0.0077,15.8137,3.9227,12.0865,5.7496,8.8088,4.3587,,7.9688
5/4/17,0.4317,42.3504,260,0.001,0.0067,15.1564,3.3568,12.6851,5.5243,8.6107,4.1483,,7.7286
7/4/17,0.4607,42.0538,258,0.0012,0.0067,15.3557,3.4181,12.5531,5.8873,8.2316,4.3998,,7.632
10/4/17,0.4484,43.0845,300,0.0014,0.0074,15.2506,3.3988,12.7164,5.4113,8.1303,4.0759,,7.475
10/4/17,0.4332,42.6713,283,0.0012,0.0067,15.2308,3.4053,12.5388,5.5664,8.3231,4.2649,,7.5583
12/4/17,0.7732,42.6643,291,0.0016,0.0074,14.9151,3.4869,13.0503,5.3641,8.1422,4.2383,,7.3566
14/4/17,0.7143,42.3316,298,0.0005,0.0055,14.5615,3.4305,13.0593,5.3776,8.5995,4.4612,,7.4585
17/4/17,1.3905,40.4321,290,0.0005,0.008,15.1807,3.8998,12.5475,5.5094,8.8089,4.6924,,7.5302
19/4/17,1.1425,41.2474,318,0.0005,0.0079,15.152,3.7798,12.8729,5.5271,8.3791,4.4059,,7.4849
21/4/17,1.0402,42.1842,330,0.0005,0.0068,14.9971,3.611,12.9732,5.3746,8.1129,4.2688,,7.4307
24/4/17,1.4056,42.5758,338,0.0006,0.0078,14.8035,3.6915,12.76,5.2655,8.0701,3.9074,,7.5122
26/4/17,1.6681,40.5896,338,0.0007,0.0069,16.1813,4.1363,12.3848,4.8442,8.4854,3.8478,,7.8549
28/4/17,2.2689,38.4601,336,0.0009,0.0061,17.079,4.5317,11.2938,5.1518,8.9285,4.3701,,7.9091
1/5/17,2.2553,38.4426,317,0.0012,0.0069,16.7665,4.7184,10.6542,5.4656,9.0552,4.7675,,7.8666
3/5/17,1.8603,37.2449,336,0.0007,0.0059,15.1959,4.3708,10.0387,7.2786,10.2337,5.5905,,8.18
5/5/17,2.1872,39.8076,371,0.0004,0.007,14.9532,4.1465,11.0238,5.9736,9.3638,4.598,,7.9389
8/5/17,2.6375,41.2676,390,0.0017,0.0068,14.1858,3.7406,11.8012,5.8052,8.7458,4.276,,7.5318
10/5/17,2.56,39.6796,423,0.0017,0.0068,14.6205,4.0319,11.3219,6.0864,9.3165,4.6613,,7.7134
10/5/17,,,423,,,,,,,,,,
12/5/17,2.7303,40.9504,440,0.0013,0.006,14.9814,3.9849,12.1652,5.1278,8.4728,4.1084,,7.4715
15/5/17,2.3417,39.419,468,0.0007,0.0069,15.0268,3.913,11.9562,6.1378,8.882,4.7583,,7.5576
17/5/17,2.2219,40.7187,500,0.0004,0.0041,14.866,3.6126,12.7814,5.599,8.4729,4.3871,,7.3359
18/5/17,,,507,,,,,,,,,,
19/5/17,1.8807,39.1255,589,0,0.0075,15.2628,3.7461,12.783,6.0348,8.985,4.6658,,7.5088
19/5/17,,,514,,,,,,,,,,
20/5/17,,,511,,,,,,,,,,
21/5/17,,,518,,,,,,,,,,
22/5/17,,,522,,,,,,,,,,
22/5/17,2.1938,39.481,536,0,0.0075,14.856,3.4539,12.7965,6.3739,8.7347,4.7512,,7.3515
24/5/17,2.457,41.2993,520,0,0.0071,14.5133,3.174,12.9846,5.8033,8.1988,4.347,,7.2156
26/5/17,2.4698,41.6156,535,0,0.0077,14.9784,3.3089,13.3235,5.3319,7.6427,4.1902,,7.1313
28/5/17,,,675,,,,,,,,,,
29/5/17,3.0769,42.5002,618,0,0.0077,14.715,3.2294,13.4903,5.1791,6.9085,3.9002,,6.9927
29/5/17,,,590,,,,,,,,,,
29/5/17,2.9084,41.6852,590,0,0.0077,14.7936,3.299,13.1973,5.3522,7.409,4.2185,,7.1291
30/5/17,,,661,,,,,,,,,,
31/5/17,3.6312,40.6307,679,0,0.0076,14.3433,3.2534,12.9615,5.2252,8.0189,4.4917,,7.4365
1/6/17,,,656,,,,,,,,,,
2/6/17,3.8243,39.9912,674,0,0.0075,15.044,3.3824,12.6565,5.5877,7.6823,4.567,,7.2571
3/6/17,,,612,,,,,,,,,,
4/6/17,,,590,,,,,,,,,,
5/6/17,3.5022,39.694,531,0,0.0074,14.9258,3.478,12.5617,5.3686,8.1116,4.7749,,7.5758
6/6/17,,,444,,,,,,,,,,
7/6/17,,,,,,,,,,,,,
7/6/17,,,411,,,,,,,,,,
9/6/17,,,,,,,,,,,,,
12/6/17,,,,,,,,,,,,,
14/6/17,,,,,,,,,,,,,
16/6/17,,,,,,,,,,,,,
16/6/17,,,152,,,,,,,,,,
16/6/17,0.9821,35.7733,,0,0.0087,17.4878,4.847,10.8703,6.1959,8.7714,6.2133,,8.8502
16/6/17,2.738,39.8704,130,0,0.0077,16.2408,3.9978,12.7097,4.9839,7.1003,4.8465,,7.5049
16/6/17,2.7579,40.952,133,0,0.0073,16.3305,3.8001,12.9915,4.7588,6.6693,4.3995,,7.3331
17/6/17,2.0111,46.8519,132,0,0.0056,15.9709,2.845,13.7599,3.3815,5.5778,3.014,,6.5823
17/6/17,2.4053,42.2178,139,0,0.0068,16.3727,3.3728,12.5995,4.6978,6.8535,4.1059,,7.3679
17/6/17,2.5036,41.5506,144,0,0.0067,16.3804,3.3405,12.2278,5.2967,6.9811,4.3564,,7.3562
18/6/17,2.1045,42.9231,150,0,0.0063,16.1612,3.0564,12.3723,5.0718,7.083,4.0809,,7.1405
18/6/17,,,140,,,,,,,,,,
18/6/17,2.764,42.5268,151,0,0.0067,16.3272,3.2521,12.3663,5.2785,6.3872,4.0969,,6.9943
19/6/17,2.6433,42.0271,158,0,0.0067,15.311,3.2261,12.6058,5.1926,7.4928,4.1122,,7.3824
21/6/17,,,130,,,,,,,,,,
21/6/17,1.3684,41.6787,145,0,0.0071,15.7916,3.5071,13.2034,5.5136,7.4107,3.9744,,7.545
23/6/17,0.9906,41.7718,148,0,0.0072,15.9041,3.4562,13.0777,5.7731,7.4198,4.1857,,7.4138
25/6/17,,,155,,,,,,,,,,
26/6/17,0.9897,41.9959,147,0,0.0061,14.5574,3.2983,12.2722,6.3058,8.0971,4.7007,,7.7768
28/6/17,1.1396,44.4095,146,0.0005,0.0045,15.2705,3.1051,12.8947,5.1031,6.8684,3.8832,,7.3209
30/6/17,0.5644,44.1017,157,0.0009,0.0062,15.2902,3.0794,12.1479,6.3781,6.7318,4.5419,,7.1575
3/7/17,0.7463,43.1518,156,0.0027,0.0066,15.2658,3.0958,12.2393,6.3947,7.1842,4.3556,,7.5572
5/7/17,0.8764,41.2981,158,0.0013,0.0071,15.6417,3.5013,13.1017,5.9991,7.4961,4.3178,,7.7594